Year,Town,Census Units,Government Assisted,Tenant Rental Assistance,Deed Restricted Units,Total Assisted Units,Percent Affordable
2020,Andover,1317,18,1,0,51,3.87
2020,Ansonia,8148,349,764,0,1260,15.46
2020,Ashford,1903,32,0,0,68,3.57
2020,Avon,7389,244,16,0,304,4.11
2020,Barkhamsted,1589,0,6,0,29,1.83
2020,Beacon Falls,2509,0,4,0,50,1.99
2020,Berlin,8140,556,50,4,752,9.24
2020,Bethany,2044,0,2,0,15,0.73
2020,Bethel,7310,192,26,87,459,6.28
2020,Bethlehem,1575,24,0,0,33,2.1
2020,Bloomfield,9019,558,106,0,1005,11.14
2020,Bolton,2015,0,2,0,30,1.49
2020,Bozrah,1059,0,3,0,33,3.12
2020,Branford,13972,233,77,9,489,3.5
2020,Bridgeport,57012,6505,4353,19,11777,20.66
2020,Bridgewater,881,0,24,0,25,2.84
2020,Bristol,27011,1908,962,0,3994,14.79
2020,Brookfield,6562,155,27,77,369,5.62
2020,Brooklyn,3235,189,9,0,263,8.13
2020,Burlington,3389,27,0,0,74,2.18
2020,Canaan,779,1,4,1,11,1.41
2020,Canterbury,2043,76,1,0,145,7.1
2020,Canton,4339,211,15,32,311,7.17
2020,Chaplin,988,0,1,0,38,3.85
2020,Cheshire,10424,258,22,17,397,3.81
2020,Chester,1923,23,3,0,42,2.18
2020,Clinton,6065,105,8,0,179,2.95
2020,Colchester,6182,364,38,4,552,8.93
2020,Colebrook,722,0,1,1,9,1.25
2020,Columbia,2308,24,2,0,88,3.81
2020,Cornwall,1007,28,2,0,36,3.57
2020,Coventry,5099,103,5,20,259,5.08
2020,Cromwell,6001,212,11,0,421,7.02
2020,Danbury,31154,1615,1269,289,3738,12
2020,Darien,7074,136,10,104,252,3.56
2020,Deep River,2096,26,6,0,64,3.05
2020,Derby,5849,275,301,0,687,11.75
2020,Durham,2694,36,1,0,65,2.41
2020,East Granby,2152,72,2,0,122,5.67
2020,East Haddam,4508,73,3,0,139,3.08
2020,East Hampton,5485,70,6,25,192,3.5
2020,East Hartford,21328,1593,815,0,3443,16.14
2020,East Haven,12533,542,168,0,1012,8.07
2020,East Lyme,8458,396,20,19,530,6.27
2020,East Windsor,5045,559,42,0,717,14.21
2020,Eastford,793,0,0,0,15,1.89
2020,Easton,2715,0,0,15,18,0.66
2020,Ellington,6665,260,5,0,383,5.75
2020,Enfield,17558,1340,227,7,2233,12.72
2020,Essex,3261,58,2,16,93,2.85
2020,Fairfield,21648,231,131,124,556,2.57
2020,Farmington,11106,470,107,155,881,7.93
2020,Franklin,771,27,2,0,49,6.36
2020,Glastonbury,13656,604,44,2,783,5.73
2020,Goshen,1664,1,1,0,7,0.42
2020,Granby,4360,85,2,5,143,3.28
2020,Greenwich,25631,879,443,33,1371,5.35
2020,Griswold,5118,137,54,0,349,6.82
2020,Groton,17978,3727,107,10,4221,23.48
2020,Guilford,9596,186,10,0,230,2.4
2020,Haddam,3504,22,1,0,54,1.54
2020,Hamden,25114,937,788,4,2252,8.97
2020,Hampton,793,0,1,0,12,1.51
2020,Hartford,51822,10501,8635,0,20659,39.87
2020,Hartland,856,2,0,0,10,1.17
2020,Harwinton,2282,22,5,5,68,2.98
2020,Hebron,3567,56,3,0,110,3.08
2020,Kent,1665,58,4,0,67,4.02
2020,Killingly,7592,520,147,0,855,11.26
2020,Killingworth,2598,0,0,5,23,0.89
2020,Lebanon,3125,26,3,0,113,3.62
2020,Ledyard,5987,32,8,0,273,4.56
2020,Lisbon,1730,2,0,0,61,3.53
2020,Litchfield,3975,140,2,19,189,4.75
2020,Lyme,1223,0,0,8,13,1.06
2020,Madison,8049,90,2,33,136,1.69
2020,Manchester,25996,1851,950,32,3797,14.61
2020,Mansfield,6017,175,124,2,397,6.6
2020,Marlborough,2389,24,0,0,48,2.01
2020,Meriden,25892,1964,1270,11,4274,16.51
2020,Middlebury,2892,77,5,20,127,4.39
2020,Middlefield,1863,30,3,1,55,2.95
2020,Middletown,21223,3019,1123,25,4710,22.19
2020,Milford,23074,726,208,74,1200,5.2
2020,Monroe,6918,35,3,8,100,1.45
2020,Montville,7407,81,58,0,406,5.48
2020,Morris,1314,20,4,0,32,2.44
2020,Naugatuck,13061,493,315,0,1175,9
2020,New Britain,31226,2913,1583,100,5763,18.46
2020,New Canaan,7551,175,21,21,222,2.94
2020,New Fairfield,5593,0,1,17,85,1.52
2020,New Hartford,2923,12,4,15,86,2.94
2020,New Haven,54967,9511,6867,440,17800,32.38
2020,New London,11840,1598,510,101,2718,22.96
2020,New Milford,11731,307,44,17,550,4.69
2020,Newington,13011,531,122,36,1168,8.98
2020,Newtown,10061,134,7,32,268,2.66
2020,Norfolk,967,21,2,0,28,2.9
2020,North Branford,5629,62,13,0,127,2.26
2020,North Canaan,1587,148,0,0,162,10.21
2020,North Haven,9491,393,53,23,566,5.96
2020,North Stonington,2306,0,1,6,34,1.47
2020,Norwalk,35415,2242,1468,635,4782,13.5
2020,Norwich,18659,2249,794,0,3610,19.35
2020,Old Lyme,5021,60,2,3,85,1.69
2020,Old Saybrook,5602,50,15,73,163,2.91
2020,Orange,5345,46,9,6,73,1.37
2020,Oxford,4746,36,2,0,69,1.45
2020,Plainfield,6229,377,190,0,791,12.7
2020,Plainville,8063,205,41,22,574,7.12
2020,Plymouth,5109,178,21,0,395,7.73
2020,Pomfret,1684,32,5,0,50,2.97
2020,Portland,4077,185,94,0,349,8.56
2020,Preston,2019,40,7,0,87,4.31
2020,Prospect,3474,0,6,0,62,1.78
2020,Putnam,4299,383,64,0,524,12.19
2020,Redding,3811,0,1,0,18,0.47
2020,Ridgefield,9420,175,7,69,287,3.05
2020,Rocky Hill,8843,235,52,0,481,5.44
2020,Roxbury,1167,19,0,0,24,2.06
2020,Salem,1635,0,3,0,37,2.26
2020,Salisbury,2593,24,2,14,42,1.62
2020,Scotland,680,0,1,0,32,4.71
2020,Seymour,6968,262,28,0,403,5.78
2020,Sharon,1775,32,1,0,36,2.03
2020,Shelton,16146,254,45,82,518,3.21
2020,Sherman,1831,0,1,0,8,0.44
2020,Simsbury,9123,289,60,0,447,4.9
2020,Somers,3479,146,9,0,190,5.46
2020,South Windsor,10243,443,55,9,739,7.21
2020,Southbury,9091,90,6,0,137,1.51
2020,Southington,17447,499,63,51,967,5.54
2020,Sprague,1248,20,13,1,61,4.89
2020,Stafford,5124,257,22,0,406,7.92
2020,Stamford,50573,4225,1971,1270,7916,15.65
2020,Sterling,1511,0,7,0,31,2.05
2020,Stonington,9467,441,16,0,554,5.85
2020,Stratford,21091,524,460,33,1390,6.59
2020,Suffield,5469,296,5,15,367,6.71
2020,Thomaston,3276,104,6,0,208,6.35
2020,Thompson,4171,151,13,0,212,5.08
2020,Tolland,5451,127,5,3,238,4.37
2020,Torrington,16761,908,322,17,1794,10.7
2020,Trumbull,13157,315,19,303,734,5.58
2020,Union,388,0,0,0,5,1.29
2020,Vernon,13896,1509,461,12,2368,17.04
2020,Voluntown,1127,20,1,0,45,3.99
2020,Wallingford,18945,354,129,35,846,4.47
2020,Warren,811,0,0,0,1,0.12
2020,Washington,2124,14,2,23,43,2.02
2020,Waterbury,47991,5344,3123,21,10239,21.34
2020,Waterford,8634,123,30,0,419,4.85
2020,Watertown,9096,205,32,0,466,5.12
2020,West Hartford,26396,643,854,250,2119,8.03
2020,West Haven,22446,1024,1868,0,3331,14.84
2020,Westbrook,3937,140,5,29,204,5.18
2020,Weston,3674,0,2,0,8,0.22
2020,Westport,10399,265,60,58,387,3.72
2020,Wethersfield,11677,705,114,0,1112,9.52
2020,Willington,2637,160,5,0,202,7.66
2020,Wilton,6475,158,6,51,232,3.58
2020,Winchester,5613,350,167,0,609,10.85
2020,Windham,9570,1763,617,0,2743,28.66
2020,Windsor,11767,154,258,26,891,7.57
2020,Windsor Locks,5429,297,156,0,696,12.82
2020,Wolcott,6276,313,9,0,506,8.06
2020,Woodbridge,3478,30,8,0,44,1.27
2020,Woodbury,4564,60,3,0,91,1.99
2020,Woodstock,3582,24,0,0,56,1.56
2019,Andover,1317,18,1,0,48,3.64
2019,Ansonia,8148,349,752,9,1250,15.34
2019,Ashford,1903,32,0,0,67,3.52
2019,Avon,7389,244,13,0,300,4.06
2019,Barkhamsted,1589,0,6,0,26,1.64
2019,Beacon Falls,2509,0,3,0,49,1.95
2019,Berlin,8140,556,54,10,758,9.31
2019,Bethany,2044,0,2,0,14,0.68
2019,Bethel,7310,152,27,78,414,5.66
2019,Bethlehem,1575,24,1,0,34,2.16
2019,Bloomfield,9019,558,99,0,998,11.07
2019,Bolton,2015,0,1,0,29,1.44
2019,Bozrah,1059,0,3,0,33,3.12
2019,Branford,13972,233,60,0,469,3.36
2019,Bridgeport,57012,6395,4301,19,11631,20.4
2019,Bridgewater,881,0,0,0,1,0.11
2019,Bristol,27011,1908,884,0,3894,14.42
2019,Brookfield,6562,155,23,77,366,5.58
2019,Brooklyn,3235,189,9,0,268,8.28
2019,Burlington,3389,27,0,0,71,2.1
2019,Canaan,779,1,4,1,10,1.28
2019,Canterbury,2043,76,1,0,141,6.9
2019,Canton,4339,211,17,32,309,7.12
2019,Chaplin,988,0,0,0,36,3.64
2019,Cheshire,10424,258,22,17,394,3.78
2019,Chester,1923,23,3,0,42,2.18
2019,Clinton,6065,105,8,0,171,2.82
2019,Colchester,6182,364,35,4,549,8.88
2019,Colebrook,722,0,1,1,8,1.11
2019,Columbia,2308,24,2,0,89,3.86
2019,Cornwall,1007,28,2,0,33,3.28
2019,Coventry,5099,103,5,20,261,5.12
2019,Cromwell,6001,212,8,0,417,6.95
2019,Danbury,31154,1590,1254,296,3711,11.91
2019,Darien,7074,136,11,104,253,3.58
2019,Deep River,2096,26,5,0,61,2.91
2019,Derby,5849,275,281,0,666,11.39
2019,Durham,2694,36,1,0,64,2.38
2019,East Granby,2152,72,1,0,116,5.39
2019,East Haddam,4508,73,5,0,137,3.04
2019,East Hampton,5485,70,5,25,186,3.39
2019,East Hartford,21328,1592,869,0,3491,16.37
2019,East Haven,12533,542,152,0,1007,8.03
2019,East Lyme,8458,396,20,19,525,6.21
2019,East Windsor,5045,559,43,0,707,14.01
2019,Eastford,793,0,0,0,16,2.02
2019,Easton,2715,0,0,15,17,0.63
2019,Ellington,6665,260,5,0,372,5.58
2019,Enfield,17558,1340,219,7,2218,12.63
2019,Essex,3261,58,4,16,99,3.04
2019,Fairfield,21648,231,115,126,535,2.47
2019,Farmington,11106,470,107,155,875,7.88
2019,Franklin,771,27,1,0,44,5.71
2019,Glastonbury,13656,604,44,2,781,5.72
2019,Goshen,1664,1,0,0,5,0.3
2019,Granby,4360,85,1,5,138,3.17
2019,Greenwich,25631,863,459,33,1371,5.35
2019,Griswold,5118,137,53,0,355,6.94
2019,Groton,17978,3727,99,10,4212,23.43
2019,Guilford,9596,186,10,0,231,2.41
2019,Haddam,3504,22,1,0,50,1.43
2019,Hamden,25114,937,725,4,2178,8.67
2019,Hampton,793,0,1,0,14,1.77
2019,Hartford,51822,10394,8474,0,20382,39.33
2019,Hartland,856,2,0,0,6,0.7
2019,Harwinton,2282,22,4,0,59,2.59
2019,Hebron,3567,56,3,0,103,2.89
2019,Kent,1665,58,4,0,67,4.02
2019,Killingly,7592,520,147,0,868,11.43
2019,Killingworth,2598,0,0,5,24,0.92
2019,Lebanon,3125,26,3,0,112,3.58
2019,Ledyard,5987,32,7,0,264,4.41
2019,Lisbon,1730,2,0,0,62,3.58
2019,Litchfield,3975,140,2,19,186,4.68
2019,Lyme,1223,0,0,8,12,0.98
2019,Madison,8049,90,2,33,136,1.69
2019,Manchester,25996,1851,962,32,3809,14.65
2019,Mansfield,6017,175,130,2,407,6.76
2019,Marlborough,2389,24,1,0,52,2.18
2019,Meriden,25892,1962,1249,11,4260,16.45
2019,Middlebury,2892,77,4,20,127,4.39
2019,Middlefield,1863,30,3,1,53,2.84
2019,Middletown,21223,3019,1068,25,4632,21.83
2019,Milford,23074,726,227,74,1226,5.31
2019,Monroe,6918,32,2,8,96,1.39
2019,Montville,7407,81,54,0,394,5.32
2019,Morris,1314,20,4,0,31,2.36
2019,Naugatuck,13061,493,317,0,1159,8.87
2019,New Britain,31226,2913,1550,117,5731,18.35
2019,New Canaan,7551,175,22,21,222,2.94
2019,New Fairfield,5593,0,4,17,84,1.5
2019,New Hartford,2923,12,7,15,88,3.01
2019,New Haven,54967,9407,6721,478,17615,32.05
2019,New London,11840,1598,507,96,2703,22.83
2019,New Milford,11731,307,42,17,538,4.59
2019,Newington,13011,531,116,36,1155,8.88
2019,Newtown,10061,134,9,26,267,2.65
2019,Norfolk,967,21,2,0,27,2.79
2019,North Branford,5629,62,12,0,125,2.22
2019,North Canaan,1587,148,1,0,163,10.27
2019,North Haven,9491,343,57,23,516,5.44
2019,North Stonington,2306,0,0,6,35,1.52
2019,Norwalk,35415,2169,1425,636,4657,13.15
2019,Norwich,18659,2221,789,0,3572,19.14
2019,Old Lyme,5021,60,1,3,82,1.63
2019,Old Saybrook,5602,50,10,73,155,2.77
2019,Orange,5345,46,8,6,73,1.37
2019,Oxford,4746,36,4,0,72,1.52
2019,Plainfield,6229,377,173,0,778,12.49
2019,Plainville,8063,205,53,22,578,7.17
2019,Plymouth,5109,178,16,0,389,7.61
2019,Pomfret,1684,32,2,0,47,2.79
2019,Portland,4077,185,88,0,346,8.49
2019,Preston,2019,40,6,0,86,4.26
2019,Prospect,3474,0,7,0,59,1.7
2019,Putnam,4299,383,64,0,531,12.35
2019,Redding,3811,0,1,0,18,0.47
2019,Ridgefield,9420,175,6,69,284,3.01
2019,Rocky Hill,8843,235,45,0,475,5.37
2019,Roxbury,1167,19,0,0,24,2.06
2019,Salem,1635,0,2,0,32,1.96
2019,Salisbury,2593,24,2,14,42,1.62
2019,Scotland,680,0,1,0,26,3.82
2019,Seymour,6968,262,29,0,405,5.81
2019,Sharon,1775,32,1,0,35,1.97
2019,Shelton,16146,254,46,82,506,3.13
2019,Sherman,1831,0,1,0,8,0.44
2019,Simsbury,9123,289,50,0,432,4.74
2019,Somers,3479,146,7,0,186,5.35
2019,South Windsor,10243,443,52,9,732,7.15
2019,Southbury,9091,90,5,0,134,1.47
2019,Southington,17447,499,69,51,948,5.43
2019,Sprague,1248,20,13,1,63,5.05
2019,Stafford,5124,257,25,0,407,7.94
2019,Stamford,50573,4210,1913,1270,7827,15.48
2019,Sterling,1511,0,7,0,36,2.38
2019,Stonington,9467,441,24,0,561,5.93
2019,Stratford,21091,524,424,33,1347,6.39
2019,Suffield,5469,296,3,15,364,6.66
2019,Thomaston,3276,104,7,0,202,6.17
2019,Thompson,4171,151,14,0,216,5.18
2019,Tolland,5451,90,2,3,190,3.49
2019,Torrington,16761,908,406,17,1869,11.15
2019,Trumbull,13157,315,20,189,616,4.68
2019,Union,388,0,0,0,5,1.29
2019,Vernon,13896,1509,439,12,2343,16.86
2019,Voluntown,1127,20,1,0,48,4.26
2019,Wallingford,18945,354,123,35,821,4.33
2019,Warren,811,0,0,0,1,0.12
2019,Washington,2124,14,3,23,44,2.07
2019,Waterbury,47991,5344,3290,21,10442,21.76
2019,Waterford,8634,123,35,0,415,4.81
2019,Watertown,9096,205,29,0,452,4.97
2019,West Hartford,26396,643,837,250,2091,7.92
2019,West Haven,22446,1024,1756,0,3236,14.42
2019,Westbrook,3937,140,5,29,202,5.13
2019,Weston,3674,0,2,0,8,0.22
2019,Westport,10399,265,59,50,377,3.63
2019,Wethersfield,11677,705,111,0,1103,9.45
2019,Willington,2637,160,4,0,199,7.55
2019,Wilton,6475,158,6,52,231,3.57
2019,Winchester,5613,349,168,0,607,10.81
2019,Windham,9570,1763,594,0,2725,28.47
2019,Windsor,11767,154,269,26,885,7.52
2019,Windsor Locks,5429,137,162,0,533,9.82
2019,Wolcott,6276,313,9,0,496,7.9
2019,Woodbridge,3478,30,8,0,43,1.24
2019,Woodbury,4564,60,3,0,92,2.02
2019,Woodstock,3582,24,0,0,57,1.59
2018,Andover,1317,18,2,0,45,3.42
2018,Ansonia,8148,347,747,9,1237,15.18
2018,Ashford,1903,32,0,0,64,3.36
2018,Avon,7389,244,13,0,291,3.94
2018,Barkhamsted,1589,0,6,0,22,1.38
2018,Beacon Falls,2509,0,3,0,43,1.71
2018,Berlin,8140,556,59,10,751,9.23
2018,Bethany,2044,0,2,1,12,0.59
2018,Bethel,7310,192,28,74,428,5.85
2018,Bethlehem,1575,24,0,0,32,2.03
2018,Bloomfield,9019,558,95,0,981,10.88
2018,Bolton,2015,0,1,0,26,1.29
2018,Bozrah,1059,0,4,0,32,3.02
2018,Branford,13972,233,63,0,448,3.21
2018,Bridgeport,57012,6434,4240,19,11593,20.33
2018,Bridgewater,881,0,0,0,1,0.11
2018,Bristol,27011,1766,815,0,3606,13.35
2018,Brookfield,6562,155,24,77,352,5.36
2018,Brooklyn,3235,231,8,0,311,9.61
2018,Burlington,3389,27,0,0,64,1.89
2018,Canaan,779,35,4,1,45,5.78
2018,Canterbury,2043,76,1,0,133,6.51
2018,Canton,4339,211,14,32,304,7.01
2018,Chaplin,988,0,0,0,32,3.24
2018,Cheshire,10424,258,22,17,384,3.68
2018,Chester,1923,23,3,0,39,2.03
2018,Clinton,6065,105,12,0,169,2.79
2018,Colchester,6182,364,30,4,527,8.52
2018,Colebrook,722,0,1,1,7,0.97
2018,Columbia,2308,24,2,0,84,3.64
2018,Cornwall,1007,28,2,0,33,3.28
2018,Coventry,5099,103,4,20,247,4.84
2018,Cromwell,6001,212,9,0,406,6.77
2018,Danbury,31154,1590,943,296,3373,10.83
2018,Darien,7074,136,10,104,252,3.56
2018,Deep River,2096,26,5,0,60,2.86
2018,Derby,5849,275,302,0,673,11.51
2018,Durham,2694,36,1,0,54,2
2018,East Granby,2152,72,3,0,115,5.34
2018,East Haddam,4508,73,5,0,126,2.8
2018,East Hampton,5485,70,7,25,177,3.23
2018,East Hartford,21328,1574,776,0,3339,15.66
2018,East Haven,12533,542,154,0,998,7.96
2018,East Lyme,8458,396,0,19,497,5.88
2018,East Windsor,5045,559,40,14,715,14.17
2018,Eastford,793,0,0,0,15,1.89
2018,Easton,2715,0,0,15,16,0.59
2018,Ellington,6665,260,7,0,363,5.45
2018,Enfield,17558,1340,219,7,2179,12.41
2018,Essex,3261,58,5,16,95,2.91
2018,Fairfield,21648,230,105,140,527,2.43
2018,Farmington,11106,470,118,155,875,7.88
2018,Franklin,771,27,1,0,43,5.58
2018,Glastonbury,13656,582,38,2,739,5.41
2018,Goshen,1664,1,0,0,4,0.24
2018,Granby,4360,85,1,5,135,3.1
2018,Greenwich,25631,865,392,27,1297,5.06
2018,Griswold,5118,137,49,0,342,6.68
2018,Groton,17978,3587,94,10,4049,22.52
2018,Guilford,9596,186,11,0,229,2.39
2018,Haddam,3504,22,0,0,49,1.4
2018,Hamden,25114,937,699,4,2126,8.47
2018,Hampton,793,0,1,0,14,1.77
2018,Hartford,51822,10293,8267,0,20039,38.67
2018,Hartland,856,2,0,0,6,0.7
2018,Harwinton,2282,22,4,0,51,2.23
2018,Hebron,3567,58,3,0,100,2.8
2018,Kent,1665,34,4,0,42,2.52
2018,Killingly,7592,520,112,0,834,10.99
2018,Killingworth,2598,0,0,5,25,0.96
2018,Lebanon,3125,26,4,0,105,3.36
2018,Ledyard,5987,32,9,0,247,4.13
2018,Lisbon,1730,2,0,0,50,2.89
2018,Litchfield,3975,140,4,19,187,4.7
2018,Lyme,1223,0,19,8,31,2.53
2018,Madison,8049,90,2,33,132,1.64
2018,Manchester,25996,1831,932,32,3691,14.2
2018,Mansfield,6017,175,128,2,404,6.71
2018,Marlborough,2389,24,1,0,51,2.13
2018,Meriden,25892,1887,1168,11,4077,15.75
2018,Middlebury,2892,76,5,20,123,4.25
2018,Middlefield,1863,30,3,1,51,2.74
2018,Middletown,21223,3019,1163,25,4691,22.1
2018,Milford,23074,726,225,76,1219,5.28
2018,Monroe,6918,32,4,8,93,1.34
2018,Montville,7407,81,53,0,368,4.97
2018,Morris,1314,20,4,0,29,2.21
2018,Naugatuck,13061,493,292,0,1113,8.52
2018,New Britain,31226,2911,1477,177,5672,18.16
2018,New Canaan,7551,215,21,21,260,3.44
2018,New Fairfield,5593,0,2,18,80,1.43
2018,New Hartford,2923,12,5,15,81,2.77
2018,New Haven,54967,9434,6600,481,17523,31.88
2018,New London,11840,1592,483,99,2660,22.47
2018,New Milford,11731,307,35,17,509,4.34
2018,Newington,13011,530,115,36,1116,8.58
2018,Newtown,10061,134,8,18,248,2.46
2018,Norfolk,967,11,2,0,16,1.65
2018,North Branford,5629,62,14,4,125,2.22
2018,North Canaan,1587,138,1,0,152,9.58
2018,North Haven,9491,343,53,23,507,5.34
2018,North Stonington,2306,0,1,6,32,1.39
2018,Norwalk,35415,2215,1331,607,4516,12.75
2018,Norwich,18659,2221,745,0,3494,18.73
2018,Old Lyme,5021,60,2,3,81,1.61
2018,Old Saybrook,5602,50,11,58,138,2.46
2018,Orange,5345,46,9,6,73,1.37
2018,Oxford,4746,36,5,0,72,1.52
2018,Plainfield,6229,377,186,0,784,12.59
2018,Plainville,8063,205,32,22,536,6.65
2018,Plymouth,5109,178,16,0,364,7.12
2018,Pomfret,1684,32,2,0,47,2.79
2018,Portland,4077,185,85,0,338,8.29
2018,Preston,2019,40,6,0,85,4.21
2018,Prospect,3474,0,7,0,52,1.5
2018,Putnam,4299,383,62,0,529,12.31
2018,Redding,3811,0,1,0,14,0.37
2018,Ridgefield,9420,175,6,69,279,2.96
2018,Rocky Hill,8843,235,42,0,450,5.09
2018,Roxbury,1167,19,0,0,24,2.06
2018,Salem,1635,3,2,0,32,1.96
2018,Salisbury,2593,16,2,13,33,1.27
2018,Scotland,680,0,0,0,22,3.24
2018,Seymour,6968,262,34,0,401,5.75
2018,Sharon,1775,32,2,0,36,2.03
2018,Shelton,16146,254,47,82,503,3.12
2018,Sherman,1831,0,1,0,7,0.38
2018,Simsbury,9123,289,55,0,427,4.68
2018,Somers,3479,146,5,0,181,5.2
2018,South Windsor,10243,427,51,9,695,6.79
2018,Southbury,9091,89,6,0,129,1.42
2018,Southington,17447,499,71,51,938,5.38
2018,Sprague,1248,20,11,1,64,5.13
2018,Stafford,5124,257,8,0,384,7.49
2018,Stamford,50573,4112,1879,1272,7648,15.12
2018,Sterling,1511,0,6,0,35,2.32
2018,Stonington,9467,441,23,0,555,5.86
2018,Stratford,21091,524,453,33,1343,6.37
2018,Suffield,5469,248,2,15,313,5.72
2018,Thomaston,3276,104,7,0,191,5.83
2018,Thompson,4171,151,12,0,217,5.2
2018,Tolland,5451,90,3,3,177,3.25
2018,Torrington,16761,928,329,17,1786,10.66
2018,Trumbull,13157,315,19,180,592,4.5
2018,Union,388,0,0,0,5,1.29
2018,Vernon,13896,1508,401,12,2293,16.5
2018,Voluntown,1127,20,2,0,45,3.99
2018,Wallingford,18945,354,120,35,789,4.16
2018,Warren,811,0,0,0,0,0
2018,Washington,2124,14,3,23,44,2.07
2018,Waterbury,47991,5344,2916,28,10046,20.93
2018,Waterford,8634,123,23,0,386,4.47
2018,Watertown,9096,205,24,0,425,4.67
2018,West Hartford,26396,587,788,261,1968,7.46
2018,West Haven,22446,1024,1499,0,2965,13.21
2018,Westbrook,3937,140,6,29,201,5.11
2018,Weston,3674,0,2,0,7,0.19
2018,Westport,10399,265,55,27,350,3.37
2018,Wethersfield,11677,705,108,0,1077,9.22
2018,Willington,2637,160,3,0,196,7.43
2018,Wilton,6475,158,5,82,259,4
2018,Winchester,5613,349,183,0,618,11.01
2018,Windham,9570,1763,610,0,2733,28.56
2018,Windsor,11767,154,218,26,806,6.85
2018,Windsor Locks,5429,137,138,0,489,9.01
2018,Wolcott,6276,313,8,0,474,7.55
2018,Woodbridge,3478,30,8,0,43,1.24
2018,Woodbury,4564,59,2,0,85,1.86
2018,Woodstock,3582,24,0,0,57,1.59
2017,Andover,1317,18,0,0,42,3.19
2017,Ansonia,8148,347,696,9,1170,14.36
2017,Ashford,1903,32,1,0,65,3.42
2017,Avon,7389,244,10,0,287,3.88
2017,Barkhamsted,1589,0,7,0,23,1.45
2017,Beacon Falls,2509,0,3,0,40,1.59
2017,Berlin,8140,556,53,10,729,8.96
2017,Bethany,2044,0,2,1,12,0.59
2017,Bethel,7310,152,26,69,364,4.98
2017,Bethlehem,1575,24,0,0,29,1.84
2017,Bloomfield,9019,558,88,0,961,10.66
2017,Bolton,2015,0,2,0,28,1.39
2017,Bozrah,1059,0,4,0,36,3.4
2017,Branford,13972,243,65,0,452,3.24
2017,Bridgeport,57012,6311,4259,19,11480,20.14
2017,Bridgewater,881,0,0,0,3,0.34
2017,Bristol,27011,1908,868,0,3772,13.96
2017,Brookfield,6562,155,24,77,337,5.14
2017,Brooklyn,3235,231,10,0,341,10.54
2017,Burlington,3389,27,0,0,63,1.86
2017,Canaan,779,35,4,1,53,6.8
2017,Canterbury,2043,76,1,0,143,7
2017,Canton,4339,211,16,32,309,7.12
2017,Chaplin,988,211,0,0,35,3.54
2017,Cheshire,10424,258,20,17,371,3.56
2017,Chester,1923,23,3,0,40,2.08
2017,Clinton,6065,84,13,0,140,2.31
2017,Colchester,6182,364,37,0,538,8.7
2017,Colebrook,722,0,1,1,8,1.11
2017,Columbia,2308,40,2,0,102,4.42
2017,Cornwall,1007,28,2,0,34,3.38
2017,Coventry,5099,103,4,20,257,5.04
2017,Cromwell,6001,212,7,0,390,6.5
2017,Danbury,31154,1592,1011,296,3396,10.9
2017,Darien,7074,136,8,104,249,3.52
2017,Deep River,2096,26,6,0,55,2.62
2017,Derby,5849,274,315,0,677,11.57
2017,Durham,2694,36,0,0,51,1.89
2017,East Granby,2152,72,2,0,110,5.11
2017,East Haddam,4508,73,4,0,117,2.6
2017,East Hampton,5485,70,6,25,178,3.25
2017,East Hartford,21328,1573,851,0,3360,15.75
2017,East Haven,12533,542,139,0,965,7.7
2017,East Lyme,8458,396,18,19,517,6.11
2017,East Windsor,5045,559,38,14,719,14.25
2017,Eastford,793,0,0,0,16,2.02
2017,Easton,2715,0,0,16,17,0.63
2017,Ellington,6665,260,7,0,364,5.46
2017,Enfield,17558,1340,226,7,2155,12.27
2017,Essex,3261,58,3,0,74,2.27
2017,Fairfield,21648,218,108,112,487,2.25
2017,Farmington,11106,470,114,155,864,7.78
2017,Franklin,771,27,1,0,49,6.36
2017,Glastonbury,13656,582,42,2,733,5.37
2017,Goshen,1664,1,1,0,6,0.36
2017,Granby,4360,85,2,5,135,3.1
2017,Greenwich,25631,865,383,27,1287,5.02
2017,Griswold,5118,148,54,0,388,7.58
2017,Groton,17978,3587,108,10,4045,22.5
2017,Guilford,9596,186,8,0,228,2.38
2017,Haddam,3504,22,0,0,49,1.4
2017,Hamden,25114,937,659,4,2056,8.19
2017,Hampton,793,0,1,0,26,3.28
2017,Hartford,51822,10044,8354,0,19875,38.35
2017,Hartland,856,2,0,0,5,0.58
2017,Harwinton,2282,22,4,0,55,2.41
2017,Hebron,3567,58,3,0,99,2.78
2017,Kent,1665,53,5,0,64,3.84
2017,Killingly,7592,520,117,0,933,12.29
2017,Killingworth,2598,0,0,5,28,1.08
2017,Lebanon,3125,26,3,0,114,3.65
2017,Ledyard,5987,32,9,0,245,4.09
2017,Lisbon,1730,2,0,0,57,3.29
2017,Litchfield,3975,140,6,19,191,4.81
2017,Lyme,1223,0,0,8,10,0.82
2017,Madison,8049,90,3,29,130,1.62
2017,Manchester,25996,1830,936,34,3654,14.06
2017,Mansfield,6017,175,133,2,416,6.91
2017,Marlborough,2389,24,2,0,49,2.05
2017,Meriden,25892,2027,1163,11,4157,16.06
2017,Middlebury,2892,76,4,20,122,4.22
2017,Middlefield,1863,30,3,1,48,2.58
2017,Middletown,21223,3019,1057,25,4574,21.55
2017,Milford,23074,726,233,87,1234,5.35
2017,Monroe,6918,32,4,1,80,1.16
2017,Montville,7407,81,50,0,378,5.1
2017,Morris,1314,20,4,0,29,2.21
2017,Naugatuck,13061,493,299,0,1109,8.49
2017,New Britain,31226,2911,1522,256,5763,18.46
2017,New Canaan,7551,163,18,23,206,2.73
2017,New Fairfield,5593,0,4,18,78,1.39
2017,New Hartford,2923,12,7,15,82,2.81
2017,New Haven,54967,9432,6357,656,17464,31.77
2017,New London,11840,1710,448,110,2734,23.09
2017,New Milford,11731,236,35,17,435,3.71
2017,Newington,13011,530,109,36,1078,8.29
2017,Newtown,10061,134,8,15,233,2.32
2017,Norfolk,967,28,3,0,36,3.72
2017,North Branford,5629,62,14,4,129,2.29
2017,North Canaan,1587,138,1,0,148,9.33
2017,North Haven,9491,341,56,0,482,5.08
2017,North Stonington,2306,0,1,6,35,1.52
2017,Norwalk,35415,2240,1275,656,4506,12.72
2017,Norwich,18659,2225,787,0,3514,18.83
2017,Old Lyme,5021,60,2,3,79,1.57
2017,Old Saybrook,5602,50,9,58,133,2.37
2017,Orange,5345,46,9,6,73,1.37
2017,Oxford,4746,36,5,0,71,1.5
2017,Plainfield,6229,316,186,0,788,12.65
2017,Plainville,8063,205,52,22,540,6.7
2017,Plymouth,5109,178,13,0,383,7.5
2017,Pomfret,1684,32,2,0,50,2.97
2017,Portland,4077,185,85,0,338,8.29
2017,Preston,2019,40,7,0,88,4.36
2017,Prospect,3474,0,7,0,51,1.47
2017,Putnam,4299,383,68,0,566,13.17
2017,Redding,3811,0,1,0,12,0.31
2017,Ridgefield,9420,179,5,64,276,2.93
2017,Rocky Hill,8843,235,36,0,430,4.86
2017,Roxbury,1167,19,0,0,22,1.89
2017,Salem,1635,3,2,0,29,1.77
2017,Salisbury,2593,16,2,13,33,1.27
2017,Scotland,680,0,0,0,21,3.09
2017,Seymour,6968,262,27,0,398,5.71
2017,Sharon,1775,32,2,0,36,2.03
2017,Shelton,16146,253,45,82,483,2.99
2017,Sherman,1831,0,2,0,10,0.55
2017,Simsbury,9123,289,58,0,423,4.64
2017,Somers,3479,146,4,0,182,5.23
2017,South Windsor,10243,427,50,0,678,6.62
2017,Southbury,9091,89,7,0,126,1.39
2017,Southington,17447,502,73,51,920,5.27
2017,Sprague,1248,20,15,1,72,5.77
2017,Stafford,5124,257,13,0,411,8.02
2017,Stamford,50573,4736,1864,1274,8231,16.28
2017,Sterling,1511,0,5,0,40,2.65
2017,Stonington,9467,440,22,0,539,5.69
2017,Stratford,21091,524,446,33,1309,6.21
2017,Suffield,5469,212,3,15,279,5.1
2017,Thomaston,3276,104,6,0,196,5.98
2017,Thompson,4171,151,15,0,241,5.78
2017,Tolland,5451,89,3,3,172,3.16
2017,Torrington,16761,908,395,17,1813,10.82
2017,Trumbull,13157,315,22,224,634,4.82
2017,Union,388,0,0,0,4,1.03
2017,Vernon,13896,1508,404,12,2277,16.39
2017,Voluntown,1127,20,3,0,49,4.35
2017,Wallingford,18945,354,125,35,783,4.13
2017,Warren,811,0,0,0,1,0.12
2017,Washington,2124,14,4,23,48,2.26
2017,Waterbury,47991,5272,3143,172,10348,21.56
2017,Waterford,8634,123,19,0,377,4.37
2017,Watertown,9096,205,25,0,414,4.55
2017,West Hartford,26396,587,816,268,1991,7.54
2017,West Haven,22446,1024,1505,0,2960,13.19
2017,Westbrook,3937,140,7,29,198,5.03
2017,Weston,3674,0,1,0,4,0.11
2017,Westport,10399,293,54,20,371,3.57
2017,Wethersfield,11677,733,114,0,1102,9.44
2017,Willington,2637,160,4,0,199,7.55
2017,Wilton,6475,159,5,83,257,3.97
2017,Winchester,5613,348,206,0,678,12.08
2017,Windham,9570,1767,609,0,2793,29.18
2017,Windsor,11767,154,228,26,797,6.77
2017,Windsor Locks,5429,137,162,0,489,9.01
2017,Wolcott,6276,312,9,0,454,7.23
2017,Woodbridge,3478,30,7,0,42,1.21
2017,Woodbury,4564,59,3,0,86,1.88
2017,Woodstock,3582,24,0,0,72,2.01
2016,Andover,1317,18,0,0,40,3.04
2016,Ansonia,8148,347,658,9,1118,13.72
2016,Ashford,1903,32,2,0,67,3.52
2016,Avon,7389,244,8,0,283,3.83
2016,Barkhamsted,1589,0,7,0,20,1.26
2016,Beacon Falls,2509,0,3,0,37,1.47
2016,Berlin,8140,556,47,10,715,8.78
2016,Bethany,2044,0,2,1,10,0.49
2016,Bethel,7310,152,22,69,341,4.66
2016,Bethlehem,1575,24,0,0,28,1.78
2016,Bloomfield,9019,591,93,0,976,10.82
2016,Bolton,2015,0,2,0,20,0.99
2016,Bozrah,1059,0,3,0,33,3.12
2016,Branford,13972,243,63,0,451,3.23
2016,Bridgeport,57012,6279,4102,19,11300,19.82
2016,Bridgewater,881,0,0,0,4,0.45
2016,Bristol,27011,1916,844,0,3691,13.66
2016,Brookfield,6562,83,22,77,256,3.9
2016,Brooklyn,3235,231,12,0,346,10.7
2016,Burlington,3389,42,0,0,72,2.12
2016,Canaan,779,35,5,1,56,7.19
2016,Canterbury,2043,76,1,0,139,6.8
2016,Canton,4339,211,15,32,304,7.01
2016,Chaplin,988,0,0,0,33,3.34
2016,Cheshire,10424,259,20,17,365,3.5
2016,Chester,1923,23,3,0,40,2.08
2016,Clinton,6065,84,16,0,134,2.21
2016,Colchester,6182,364,40,0,524,8.48
2016,Colebrook,722,0,0,1,8,1.11
2016,Columbia,2308,40,2,0,98,4.25
2016,Cornwall,1007,28,2,0,33,3.28
2016,Coventry,5099,108,4,20,249,4.88
2016,Cromwell,6001,212,7,0,380,6.33
2016,Danbury,31154,1588,926,296,3278,10.52
2016,Darien,7074,136,6,98,241,3.41
2016,Deep River,2096,26,3,0,49,2.34
2016,Derby,5849,274,316,0,666,11.39
2016,Durham,2694,36,0,0,46,1.71
2016,East Granby,2152,72,0,0,110,5.11
2016,East Haddam,4508,73,3,0,99,2.2
2016,East Hampton,5485,70,6,25,176,3.21
2016,East Hartford,21328,1576,859,0,3339,15.66
2016,East Haven,12533,542,140,0,948,7.56
2016,East Lyme,8458,396,16,19,508,6.01
2016,East Windsor,5045,559,34,14,706,13.99
2016,Eastford,793,0,0,0,18,2.27
2016,Easton,2715,0,0,15,16,0.59
2016,Ellington,6665,260,5,0,362,5.43
2016,Enfield,17558,1340,217,7,2104,11.98
2016,Essex,3261,36,3,0,49,1.5
2016,Fairfield,21648,218,108,112,481,2.22
2016,Farmington,11106,470,108,155,851,7.66
2016,Franklin,771,27,0,0,49,6.36
2016,Glastonbury,13656,582,36,2,727,5.32
2016,Goshen,1664,1,1,0,7,0.42
2016,Granby,4360,85,1,5,132,3.03
2016,Greenwich,25631,856,338,54,1259,4.91
2016,Griswold,5118,148,58,0,380,7.42
2016,Groton,17978,3587,103,10,4026,22.39
2016,Guilford,9596,186,7,0,225,2.34
2016,Haddam,3504,22,0,0,52,1.48
2016,Hamden,25114,935,635,4,2006,7.99
2016,Hampton,793,0,1,0,28,3.53
2016,Hartford,51822,9972,8439,0,19839,38.28
2016,Hartland,856,2,0,0,5,0.58
2016,Harwinton,2282,22,4,0,55,2.41
2016,Hebron,3567,58,3,0,94,2.64
2016,Kent,1665,53,5,0,62,3.72
2016,Killingly,7592,520,112,0,929,12.24
2016,Killingworth,2598,0,0,5,23,0.89
2016,Lebanon,3125,26,4,0,104,3.33
2016,Ledyard,5987,32,8,0,226,3.77
2016,Lisbon,1730,2,0,0,51,2.95
2016,Litchfield,3975,140,7,19,188,4.73
2016,Lyme,1223,0,0,8,10,0.82
2016,Madison,8049,90,3,29,130,1.62
2016,Manchester,25996,1850,890,34,3600,13.85
2016,Mansfield,6017,417,123,2,641,10.65
2016,Marlborough,2389,24,2,0,48,2.01
2016,Meriden,25892,2027,1103,11,4077,15.75
2016,Middlebury,2892,76,4,20,114,3.94
2016,Middlefield,1863,30,4,1,46,2.47
2016,Middletown,21223,3019,1035,25,4524,21.32
2016,Milford,23074,726,220,87,1212,5.25
2016,Monroe,6918,32,3,1,69,1
2016,Montville,7407,81,45,0,349,4.71
2016,Morris,1314,20,3,0,25,1.9
2016,Naugatuck,13061,493,270,0,1050,8.04
2016,New Britain,31226,2901,1478,256,5689,18.22
2016,New Canaan,7551,163,13,23,201,2.66
2016,New Fairfield,5593,0,4,21,72,1.29
2016,New Hartford,2923,12,8,15,80,2.74
2016,New Haven,54967,9055,5709,639,16432,29.89
2016,New London,11840,1713,449,106,2717,22.95
2016,New Milford,11731,268,23,16,436,3.72
2016,Newington,13011,530,108,36,1058,8.13
2016,Newtown,10061,134,6,15,218,2.17
2016,Norfolk,967,28,3,0,36,3.72
2016,North Branford,5629,62,14,4,126,2.24
2016,North Canaan,1587,138,0,0,146,9.2
2016,North Haven,9491,341,47,0,467,4.92
2016,North Stonington,2306,0,2,4,34,1.47
2016,Norwalk,35415,2224,1277,701,4501,12.71
2016,Norwich,18659,2225,784,0,3493,18.72
2016,Old Lyme,5021,60,2,3,73,1.45
2016,Old Saybrook,5602,50,9,20,92,1.64
2016,Orange,5345,46,6,6,71,1.33
2016,Oxford,4746,36,5,0,68,1.43
2016,Plainfield,6229,377,177,0,837,13.44
2016,Plainville,8063,205,48,22,524,6.5
2016,Plymouth,5109,178,11,0,376,7.36
2016,Pomfret,1684,32,2,0,48,2.85
2016,Portland,4077,185,84,0,335,8.22
2016,Preston,2019,40,8,0,85,4.21
2016,Prospect,3474,0,6,0,45,1.3
2016,Putnam,4299,383,67,0,562,13.07
2016,Redding,3811,0,0,0,9,0.24
2016,Ridgefield,9420,179,5,59,269,2.86
2016,Rocky Hill,8843,235,31,0,414,4.68
2016,Roxbury,1167,19,0,0,22,1.89
2016,Salem,1635,3,2,0,28,1.71
2016,Salisbury,2593,16,1,13,31,1.2
2016,Scotland,680,0,0,0,17,2.5
2016,Seymour,6968,262,23,0,382,5.48
2016,Sharon,1775,32,3,0,37,2.08
2016,Shelton,16146,253,38,82,470,2.91
2016,Sherman,1831,0,2,0,8,0.44
2016,Simsbury,9123,289,61,0,409,4.48
2016,Somers,3479,146,7,0,183,5.26
2016,South Windsor,10243,427,50,0,662,6.46
2016,Southbury,9091,89,7,0,125,1.37
2016,Southington,17447,502,49,51,868,4.98
2016,Sprague,1248,20,14,0,70,5.61
2016,Stafford,5124,257,13,0,405,7.9
2016,Stamford,50573,4744,1753,1274,8103,16.02
2016,Sterling,1511,0,7,0,40,2.65
2016,Stonington,9467,382,16,0,458,4.84
2016,Stratford,21091,524,421,33,1259,5.97
2016,Suffield,5469,212,2,15,276,5.05
2016,Thomaston,3276,104,6,0,186,5.68
2016,Thompson,4171,151,16,0,246,5.9
2016,Tolland,5451,89,3,3,161,2.95
2016,Torrington,16761,908,390,17,1810,10.8
2016,Trumbull,13157,315,15,210,598,4.55
2016,Union,388,0,0,0,4,1.03
2016,Vernon,13896,1440,399,12,2180,15.69
2016,Voluntown,1127,20,3,0,49,4.35
2016,Wallingford,18945,354,116,35,758,4
2016,Warren,811,0,0,0,1,0.12
2016,Washington,2124,14,5,23,52,2.45
2016,Waterbury,47991,5257,2969,172,10198,21.25
2016,Waterford,8634,123,20,0,362,4.19
2016,Watertown,9096,205,23,0,387,4.25
2016,West Hartford,26396,587,786,268,1928,7.3
2016,West Haven,22446,1024,1476,0,2911,12.97
2016,Westbrook,3937,140,8,29,195,4.95
2016,Weston,3674,0,1,0,3,0.08
2016,Westport,10399,246,54,20,324,3.12
2016,Wethersfield,11677,615,99,0,945,8.09
2016,Willington,2637,160,4,0,197,7.47
2016,Wilton,6475,136,8,104,258,3.98
2016,Winchester,5613,348,187,0,656,11.69
2016,Windham,9570,1747,608,0,2771,28.96
2016,Windsor,11767,154,221,26,769,6.54
2016,Windsor Locks,5429,137,147,0,460,8.47
2016,Wolcott,6276,312,7,0,443,7.06
2016,Woodbridge,3478,30,6,0,41,1.18
2016,Woodbury,4564,59,3,0,84,1.84
2016,Woodstock,3582,24,1,0,74,2.07
2015,Andover,1317,24,0,0,55,4.18
2015,Ansonia,8148,371,654,9,1159,14.22
2015,Ashford,1903,32,2,0,79,4.15
2015,Avon,7389,244,7,0,283,3.83
2015,Barkhamsted,1589,0,5,0,20,1.26
2015,Beacon Falls,2509,0,3,0,41,1.63
2015,Berlin,8140,556,43,10,719,8.83
2015,Bethany,2044,0,1,1,7,0.34
2015,Bethel,7310,212,15,63,370,5.06
2015,Bethlehem,1575,24,0,0,26,1.65
2015,Bloomfield,9019,591,90,0,1009,11.19
2015,Bolton,2015,0,2,0,25,1.24
2015,Bolton,2015,0,3,0,23,1.14
2015,Bozrah,1059,0,2,0,33,3.12
2015,Branford,13972,231,60,0,484,3.46
2015,Bridgeport,57012,6275,3983,19,11339,19.89
2015,Bridgewater,881,0,0,0,4,0.45
2015,Bristol,27011,1913,780,0,3840,14.22
2015,Brookfield,6562,83,8,70,221,3.37
2015,Brooklyn,3235,231,11,0,358,11.07
2015,Burlington,3389,27,0,0,66,1.95
2015,Canaan,779,35,2,1,54,6.93
2015,Canterbury,2043,76,1,0,139,6.8
2015,Canton,4339,211,14,32,328,7.56
2015,Chaplin,988,0,0,0,32,3.24
2015,Cheshire,10424,277,16,17,395,3.79
2015,Chester,1923,23,3,0,40,2.08
2015,Clinton,6065,84,13,0,143,2.36
2015,Colchester,6182,364,34,0,531,8.59
2015,Colebrook,722,0,0,1,9,1.25
2015,Columbia,2308,40,3,0,104,4.51
2015,Cornwall,1007,28,2,0,34,3.38
2015,Coventry,5099,103,3,20,299,5.86
2015,Cromwell,6001,212,9,0,452,7.53
2015,Danbury,31154,1588,909,296,3207,10.29
2015,Darien,7074,136,6,95,238,3.36
2015,Deep River,2096,26,2,0,54,2.58
2015,Derby,5849,275,322,0,674,11.52
2015,Durham,2694,36,1,0,52,1.93
2015,East Granby,2152,72,1,0,113,5.25
2015,East Haddam,4508,73,3,0,114,2.53
2015,East Hampton,5485,70,8,25,203,3.7
2015,East Hartford,21328,1700,759,0,3483,16.33
2015,East Haven,12533,542,139,0,1020,8.14
2015,East Lyme,8458,396,12,19,534,6.31
2015,East Windsor,5045,559,33,14,736,14.59
2015,Eastford,793,0,0,0,23,2.9
2015,Easton,2715,0,0,15,15,0.55
2015,Ellington,6665,260,5,0,382,5.73
2015,Enfield,17558,1340,199,7,2194,12.5
2015,Essex,3261,36,5,0,50,1.53
2015,Fairfield,21648,241,104,112,503,2.32
2015,Farmington,11106,496,107,155,901,8.11
2015,Franklin,771,27,0,0,48,6.23
2015,Glastonbury,13656,583,33,2,759,5.56
2015,Goshen,1664,1,1,0,9,0.54
2015,Granby,4360,85,1,5,142,3.26
2015,Greenwich,25631,969,337,54,1363,5.32
2015,Griswold,5118,148,74,0,431,8.42
2015,Groton,17978,3588,93,10,4076,22.67
2015,Guilford,9596,186,7,0,233,2.43
2015,Haddam,3504,22,0,0,42,1.2
2015,Hamden,25114,902,554,4,1989,7.92
2015,Hampton,793,0,1,0,37,4.67
2015,Hartford,51822,10697,8532,0,20850,40.23
2015,Hartland,856,2,0,0,9,1.05
2015,Harwinton,2282,22,2,0,59,2.59
2015,Hebron,3567,58,2,0,104,2.92
2015,Kent,1665,53,4,0,61,3.66
2015,Killingly,7592,527,106,0,1050,13.83
2015,Killingworth,2598,0,0,5,20,0.77
2015,Lebanon,3125,26,4,0,109,3.49
2015,Ledyard,5987,32,6,0,260,4.34
2015,Lisbon,1730,2,0,0,60,3.47
2015,Litchfield,3975,140,5,29,196,4.93
2015,Lyme,1223,0,0,8,10,0.82
2015,Madison,8049,90,2,29,130,1.62
2015,Manchester,25996,1878,839,34,3764,14.48
2015,Mansfield,6017,417,121,2,651,10.82
2015,Marlborough,2389,24,2,0,50,2.09
2015,Meriden,25892,2027,1102,11,4268,16.48
2015,Middletown,21223,3142,1121,25,4943,23.29
2015,Milford,23074,726,211,87,1266,5.49
2015,Monroe,6918,32,3,1,65,0.94
2015,Montville,7407,81,37,0,375,5.06
2015,Morris,1314,20,4,0,25,1.9
2015,Naugatuck,13061,537,260,0,1134,8.68
2015,New Britain,31226,3331,1423,256,6281,20.11
2015,New Canaan,7551,163,10,23,199,2.64
2015,New Fairfield,5593,0,1,13,52,0.93
2015,New Hartford,2923,12,6,15,79,2.7
2015,New Haven,54967,9124,5654,602,16620,30.24
2015,New London,11840,1709,449,102,2777,23.45
2015,New Milford,11731,307,24,16,498,4.25
2015,Newington,13011,531,104,36,1124,8.64
2015,Newtown,10061,134,3,15,195,1.94
2015,Norfolk,967,28,3,0,37,3.83
2015,North Branford,5629,62,11,0,136,2.42
2015,North Canaan,1587,138,1,0,149,9.39
2015,North Haven,9491,343,40,0,474,4.99
2015,North Stonington,2306,0,2,0,31,1.34
2015,Norwalk,35415,2328,1065,666,4363,12.32
2015,Norwich,18659,2225,762,0,3576,19.17
2015,Old Lyme,5021,60,3,3,75,1.49
2015,Old Saybrook,5602,50,7,20,97,1.73
2015,Orange,5345,46,6,6,71,1.33
2015,Oxford,4746,36,4,0,58,1.22
2015,Plainfield,6229,377,180,0,939,15.07
2015,Plainville,8063,242,22,22,618,7.66
2015,Plymouth,5109,178,10,0,398,7.79
2015,Pomfret,1684,32,1,0,55,3.27
2015,Portland,4077,185,83,0,341,8.36
2015,Preston,2019,40,5,0,90,4.46
2015,Prospect,3474,0,4,0,42,1.21
2015,Putnam,4299,383,65,0,618,14.38
2015,Redding,3811,0,0,0,1,0.03
2015,Ridgefield,9420,179,3,59,256,2.72
2015,Rocky Hill,8843,235,25,0,454,5.13
2015,Roxbury,1167,19,0,0,21,1.8
2015,Salem,1635,1,0,0,32,1.96
2015,Salisbury,2593,16,2,12,35,1.35
2015,Scotland,680,0,0,0,17,2.5
2015,Seymour,6968,262,21,0,396,5.68
2015,Sharon,1775,20,2,0,26,1.46
2015,Shelton,16146,344,42,82,571,3.54
2015,Sherman,1831,0,2,0,6,0.33
2015,Simsbury,9123,241,19,0,339,3.72
2015,Somers,3479,146,10,0,189,5.43
2015,Southbury,9091,90,6,0,121,1.33
2015,Sprague,1248,20,13,0,72,5.77
2015,Stafford,5124,257,10,0,472,9.21
2015,Stamford,50573,5031,1836,1274,8502,16.81
2015,Sterling,1511,0,6,0,50,3.31
2015,Stonington,9467,383,16,0,471,4.98
2015,Stratford,21091,524,392,33,1260,5.97
2015,Suffield,5469,212,2,15,297,5.43
2015,Thomaston,3276,104,4,0,226,6.9
2015,Thompson,4171,151,11,0,274,6.57
2015,Tolland,5451,96,3,3,191,3.5
2015,Torrington,16761,1112,316,17,2113,12.61
2015,Trumbull,13157,315,16,210,588,4.47
2015,Union,388,0,0,0,10,2.58
2015,Vernon,13896,1470,371,12,2264,16.29
2015,Voluntown,1127,20,4,0,54,4.79
2015,Wallingford,18945,481,116,35,969,5.11
2015,Warren,811,0,0,0,5,0.62
2015,Washington,2124,14,5,23,46,2.17
2015,Waterbury,47991,5561,2904,172,11066,23.06
2015,Waterford,8634,123,21,0,403,4.67
2015,Watertown,9096,205,22,0,394,4.33
2015,West Hartford,26396,621,720,283,1981,7.5
2015,West Haven,22446,1024,1438,0,2930,13.05
2015,Westbrook,3937,140,7,24,188,4.78
2015,Weston,3674,0,1,0,3,0.08
2015,Westport,10399,246,50,20,319,3.07
2015,Wethersfield,11677,615,96,0,989,8.47
2015,Willington,2637,160,1,0,208,7.89
2015,Wilton,6475,136,6,104,254,3.92
2015,Winchester,5613,348,214,0,723,12.88
2015,Windham,9570,1862,596,0,2992,31.26
2015,Windsor,11767,154,207,26,824,7
2015,Windsor Locks,5429,137,140,0,486,8.95
2015,Wolcott,6276,313,5,0,471,7.5
2015,Woodbridge,3478,30,5,0,41,1.18
2015,Woodbury,4564,59,3,0,88,1.93
2015,Woodstock,3582,24,2,0,98,2.74
2014,Andover,1317,24,1,0,57,4.33
2014,Ansonia,8148,371,642,9,1134,13.92
2014,Ashford,1903,32,2,0,84,4.41
2014,Avon,7389,244,8,0,278,3.76
2014,Barkhamsted,1589,0,4,0,17,1.07
2014,Beacon Falls,2509,0,2,0,33,1.32
2014,Berlin,8140,556,43,6,699,8.59
2014,Bethany,2044,0,0,1,3,0.15
2014,Bethel,7310,252,15,64,397,5.43
2014,Bethlehem,1575,24,0,0,25,1.59
2014,Bloomfield,9019,591,149,0,1051,11.65
2014,Bolton,2015,0,3,0,26,1.29
2014,Bozrah,1059,0,2,0,36,3.4
2014,Branford,13972,243,56,0,478,3.42
2014,Bridgeport,57012,5870,3779,20,10705,18.78
2014,Bridgewater,881,0,0,0,2,0.23
2014,Bristol,27011,1633,823,0,3521,13.04
2014,Brookfield,6562,35,7,70,160,2.44
2014,Brooklyn,3235,231,12,0,378,11.68
2014,Burlington,3389,27,0,0,61,1.8
2014,Canaan,779,25,3,1,59,7.57
2014,Canterbury,2043,76,0,0,155,7.59
2014,Canton,4339,211,17,32,328,7.56
2014,Chaplin,988,0,0,0,36,3.64
2014,Cheshire,10424,277,12,17,384,3.68
2014,Chester,1923,23,3,0,38,1.98
2014,Clinton,6065,84,9,0,140,2.31
2014,Colchester,6182,364,34,0,543,8.78
2014,Colebrook,722,0,0,1,11,1.52
2014,Columbia,2308,24,3,0,90,3.9
2014,Cornwall,1007,18,2,0,23,2.28
2014,Coventry,5099,103,1,20,300,5.88
2014,Cromwell,6001,212,13,0,428,7.13
2014,Danbury,31154,1587,904,296,3131,10.05
2014,Darien,7074,136,7,95,239,3.38
2014,Deep River,2096,26,24,0,76,3.63
2014,Derby,5849,275,314,0,658,11.25
2014,Durham,2694,36,4,0,54,2
2014,East Granby,2152,72,2,0,109,5.07
2014,East Haddam,4508,73,1,1,122,2.71
2014,East Hampton,5485,70,5,25,198,3.61
2014,East Hartford,21328,1700,1054,0,3706,17.38
2014,East Haven,12533,542,141,0,990,7.9
2014,East Lyme,8458,396,10,19,520,6.15
2014,East Windsor,5045,559,43,14,735,14.57
2014,Eastford,793,0,0,0,24,3.03
2014,Easton,2715,0,0,11,11,0.41
2014,Ellington,6665,260,9,0,375,5.63
2014,Enfield,17558,1340,211,7,2139,12.18
2014,Essex,3261,36,5,0,53,1.63
2014,Fairfield,21648,241,94,116,485,2.24
2014,Farmington,11106,496,110,155,884,7.96
2014,Franklin,771,27,0,0,43,5.58
2014,Glastonbury,13656,583,37,2,746,5.46
2014,Goshen,1664,1,0,0,10,0.6
2014,Granby,4360,85,1,5,138,3.17
2014,Greenwich,25631,839,334,54,1229,4.79
2014,Griswold,5118,153,67,0,457,8.93
2014,Groton,17978,3589,76,10,4044,22.49
2014,Guilford,9596,177,7,0,220,2.29
2014,Haddam,3504,22,0,0,47,1.34
2014,Hamden,25114,903,545,4,1929,7.68
2014,Hampton,793,0,2,0,44,5.55
2014,Hartford,51822,10299,7812,0,19634,37.89
2014,Hartland,856,2,1,0,11,1.29
2014,Harwinton,2282,22,0,0,58,2.54
2014,Hebron,3567,58,3,0,107,3
2014,Kent,1665,52,4,0,60,3.6
2014,Killingly,7592,495,107,0,1090,14.36
2014,Killingworth,2598,0,0,5,16,0.62
2014,Lebanon,3125,26,5,0,119,3.81
2014,Ledyard,5987,32,5,0,241,4.03
2014,Lisbon,1730,2,0,0,59,3.41
2014,Litchfield,3975,140,5,29,202,5.08
2014,Lyme,1223,0,0,8,10,0.82
2014,Madison,8049,90,1,29,130,1.62
2014,Manchester,25996,1834,977,36,3770,14.5
2014,Mansfield,6017,417,125,2,661,10.99
2014,Marlborough,2389,24,2,0,49,2.05
2014,Meriden,25892,2027,1033,11,4136,15.97
2014,Middlebury,2892,77,3,20,115,3.98
2014,Middlefield,1863,30,2,1,46,2.47
2014,Middletown,21223,2974,1047,25,4660,21.96
2014,Milford,23074,726,212,107,1265,5.48
2014,Monroe,6918,32,3,1,59,0.85
2014,Montville,7407,81,28,0,349,4.71
2014,Morris,1314,20,4,0,25,1.9
2014,Naugatuck,13061,537,368,0,1216,9.31
2014,New Britain,31226,3421,1602,382,6597,21.13
2014,New Canaan,7551,163,9,31,205,2.71
2014,New Fairfield,5593,0,0,13,40,0.72
2014,New Hartford,2923,12,5,15,78,2.67
2014,New Haven,54967,8880,5336,581,15985,29.08
2014,New London,11840,1685,674,98,2944,24.86
2014,New Milford,11731,269,27,16,459,3.91
2014,Newington,13011,537,148,36,1111,8.54
2014,Newtown,10061,134,3,15,181,1.8
2014,Norfolk,967,28,2,0,39,4.03
2014,North Branford,5629,62,10,0,134,2.38
2014,North Canaan,1587,138,1,0,147,9.26
2014,North Haven,9491,343,36,1,456,4.8
2014,North Stonington,2306,0,2,0,24,1.04
2014,Norwalk,35415,2334,997,599,4191,11.83
2014,Norwich,18659,2109,721,0,3384,18.14
2014,Old Lyme,5021,64,2,3,78,1.55
2014,Old Saybrook,5602,50,7,20,96,1.71
2014,Orange,5345,46,6,6,68,1.27
2014,Oxford,4746,36,3,0,51,1.07
2014,Plainfield,6229,377,166,0,1003,16.1
2014,Plainville,8063,242,21,22,596,7.39
2014,Plymouth,5109,178,18,0,420,8.22
2014,Pomfret,1684,32,1,0,61,3.62
2014,Portland,4077,185,82,0,331,8.12
2014,Preston,2019,40,5,0,89,4.41
2014,Prospect,3474,0,4,0,42,1.21
2014,Putnam,4299,383,69,0,660,15.35
2014,Redding,3811,0,0,0,0,0
2014,Ridgefield,9420,179,1,48,237,2.52
2014,Rocky Hill,8843,235,30,0,444,5.02
2014,Roxbury,1167,19,0,0,20,1.71
2014,Salem,1635,1,0,0,35,2.14
2014,Salisbury,2593,16,2,12,37,1.43
2014,Scotland,680,0,0,0,13,1.91
2014,Seymour,6968,262,18,0,377,5.41
2014,Sharon,1775,20,2,0,26,1.46
2014,Shelton,16146,344,34,82,547,3.39
2014,Sherman,1831,0,2,0,5,0.27
2014,Simsbury,9123,241,19,0,322,3.53
2014,Somers,3479,146,12,0,189,5.43
2014,South Windsor,10243,427,49,0,715,6.98
2014,Southbury,9091,90,4,0,112,1.23
2014,Southington,17447,609,67,51,1022,5.86
2014,Sprague,1248,20,13,0,80,6.41
2014,Stafford,5124,178,13,0,422,8.24
2014,Stamford,50573,4862,1732,1295,8215,16.24
2014,Sterling,1511,0,6,0,67,4.43
2014,Stonington,9467,297,15,0,383,4.05
2014,Stratford,21091,524,381,33,1216,5.77
2014,Suffield,5469,212,3,15,294,5.38
2014,Thomaston,3276,104,4,0,223,6.81
2014,Thompson,4171,151,25,0,309,7.41
2014,Tolland,5451,98,2,3,196,3.6
2014,Torrington,16761,1112,277,17,2045,12.2
2014,Trumbull,13157,315,15,317,683,5.19
2014,Union,388,0,0,0,12,3.09
2014,Vernon,13896,1387,391,12,2164,15.57
2014,Voluntown,1127,20,4,0,62,5.5
2014,Wallingford,18945,481,115,35,941,4.97
2014,Warren,811,0,0,0,5,0.62
2014,Washington,2124,14,6,23,50,2.35
2014,Waterbury,47991,5171,3074,326,10898,22.71
2014,Waterford,8634,123,20,0,382,4.42
2014,Watertown,9096,205,18,0,368,4.05
2014,West Hartford,26396,621,832,287,2056,7.79
2014,West Haven,22446,1024,1451,0,2904,12.94
2014,Westbrook,3937,140,7,24,188,4.78
2014,Weston,3674,0,1,0,1,0.03
2014,Westport,10399,246,45,20,313,3.01
2014,Wethersfield,11677,615,134,0,980,8.39
2014,Willington,2637,160,1,0,207,7.85
2014,Wilton,6475,136,7,100,250,3.86
2014,Winchester,5613,348,444,0,979,17.44
2014,Windham,9570,1862,541,0,2978,31.12
2014,Windsor,11767,154,297,26,878,7.46
2014,Windsor Locks,5429,137,153,0,477,8.79
2014,Wolcott,6276,313,4,0,448,7.14
2014,Woodbridge,3478,30,5,0,41,1.18
2014,Woodbury,4564,59,2,0,86,1.88
2014,Woodstock,3582,24,3,0,99,2.76
2013,Andover,1317,24,1,0,54,4.1
2013,Ansonia,8148,371,756,9,1248,15.32
2013,Ashford,1903,32,2,0,82,4.31
2013,Avon,7389,244,7,0,280,3.79
2013,Barkhamsted,1589,0,1,0,16,1.01
2013,Beacon Falls,2509,0,5,0,37,1.47
2013,Berlin,8140,556,29,6,684,8.4
2013,Bethany,2044,0,0,1,3,0.15
2013,Bethel,7310,252,10,63,389,5.32
2013,Bethlehem,1575,24,1,0,26,1.65
2013,Bloomfield,9019,592,147,0,1045,11.59
2013,Bolton,2015,0,3,0,23,1.14
2013,Bozrah,1059,0,4,0,33,3.12
2013,Branford,13972,243,50,0,472,3.38
2013,Bridgeport,57012,5738,3781,20,10553,18.51
2013,Bridgewater,881,0,0,0,2,0.23
2013,Bristol,27011,1771,798,0,3634,13.45
2013,Brookfield,6562,35,7,63,160,2.44
2013,Brooklyn,3235,232,11,0,378,11.68
2013,Burlington,3389,28,0,0,69,2.04
2013,Canaan,779,25,0,1,36,4.62
2013,Canterbury,2043,76,1,0,146,7.15
2013,Canton,4339,211,19,32,325,7.49
2013,Chaplin,988,0,0,0,28,2.83
2013,Cheshire,10424,237,7,17,337,3.23
2013,Chester,1923,23,2,0,38,1.98
2013,Clinton,6065,84,5,0,137,2.26
2013,Colchester,6182,364,31,0,520,8.41
2013,Colebrook,722,0,0,1,9,1.25
2013,Columbia,2308,24,2,0,86,3.73
2013,Cornwall,1007,18,0,0,24,2.38
2013,Coventry,5099,104,1,20,307,6.02
2013,Cromwell,6001,212,6,0,418,6.97
2013,Danbury,31154,1586,1180,295,3405,10.93
2013,Darien,7074,83,6,95,185,2.62
2013,Deep River,2096,26,5,0,58,2.77
2013,Derby,5849,259,307,0,634,10.84
2013,Durham,2694,34,1,0,56,2.08
2013,East Granby,2152,72,4,0,113,5.25
2013,East Haddam,4508,73,0,1,116,2.57
2013,East Hampton,5485,70,5,25,200,3.65
2013,East Hartford,21328,1578,1024,0,3552,16.65
2013,East Haven,12533,422,128,0,857,6.84
2013,East Lyme,8458,344,8,19,473,5.59
2013,East Windsor,5045,558,49,14,748,14.83
2013,Eastford,793,0,0,0,25,3.15
2013,Easton,2715,0,0,11,11,0.41
2013,Ellington,6665,260,8,0,393,5.9
2013,Enfield,17558,1340,215,7,2143,12.21
2013,Essex,3261,36,6,0,55,1.69
2013,Fairfield,21648,241,181,116,572,2.64
2013,Farmington,11106,469,110,155,858,7.73
2013,Franklin,771,0,1,0,21,2.72
2013,Glastonbury,13656,582,47,2,755,5.53
2013,Goshen,1664,1,0,0,8,0.48
2013,Granby,4360,85,2,5,152,3.49
2013,Greenwich,25631,837,421,54,1314,5.13
2013,Griswold,5118,153,41,0,416,8.13
2013,Groton,17978,3267,52,10,3690,20.53
2013,Guilford,9596,168,6,0,216,2.25
2013,Haddam,3504,22,1,0,44,1.26
2013,Hamden,25114,685,523,4,1689,6.73
2013,Hampton,793,0,0,0,32,4.04
2013,Hartford,51822,9540,8525,0,19588,37.8
2013,Hartland,856,2,0,0,12,1.4
2013,Harwinton,2282,22,0,0,57,2.5
2013,Hebron,3567,59,3,0,108,3.03
2013,Kent,1665,24,0,0,28,1.68
2013,Killingly,7592,530,125,0,1134,14.94
2013,Killingworth,2598,0,2,5,17,0.65
2013,Lebanon,3125,26,4,0,109,3.49
2013,Ledyard,5987,32,6,0,264,4.41
2013,Lisbon,1730,2,0,0,66,3.82
2013,Litchfield,3975,140,1,29,186,4.68
2013,Lyme,1223,0,0,8,10,0.82
2013,Madison,8049,90,1,29,130,1.62
2013,Manchester,25996,1833,1074,36,3868,14.88
2013,Mansfield,6017,417,153,2,680,11.3
2013,Marlborough,2389,24,0,0,53,2.22
2013,Meriden,25892,1745,1012,11,3833,14.8
2013,Middlebury,2892,76,4,8,108,3.73
2013,Middlefield,1863,30,1,1,44,2.36
2013,Middletown,21223,2859,1467,25,4965,23.39
2013,Milford,23074,822,277,107,1426,6.18
2013,Monroe,6918,32,1,1,59,0.85
2013,Montville,7407,81,30,0,373,5.04
2013,Morris,1314,20,2,0,23,1.75
2013,Naugatuck,13061,493,293,0,1097,8.4
2013,New Britain,31226,3266,1627,382,6467,20.71
2013,New Canaan,7551,162,10,31,205,2.71
2013,New Fairfield,5593,0,0,13,49,0.88
2013,New Hartford,2923,12,1,15,70,2.39
2013,New Haven,54967,8261,6232,605,16286,29.63
2013,New London,11840,1672,144,83,2381,20.11
2013,New Milford,11731,233,259,16,680,5.8
2013,Newington,13011,425,105,36,956,7.35
2013,Newtown,10061,134,2,15,186,1.85
2013,Norfolk,967,28,0,0,31,3.21
2013,North Branford,5629,62,7,0,131,2.33
2013,North Canaan,1587,101,0,0,109,6.87
2013,North Haven,9491,343,28,1,448,4.72
2013,North Stonington,2306,0,1,0,29,1.26
2013,Norwalk,35415,2299,957,599,4116,11.62
2013,Norwich,18659,1972,728,0,3250,17.42
2013,Old Lyme,5021,60,1,3,75,1.49
2013,Old Saybrook,5602,50,5,19,92,1.64
2013,Orange,5345,46,4,6,66,1.23
2013,Oxford,4746,36,1,0,51,1.07
2013,Plainfield,6229,378,224,0,988,15.86
2013,Plainville,8063,242,25,22,600,7.44
2013,Plymouth,5109,179,5,0,363,7.11
2013,Pomfret,1684,32,2,0,62,3.68
2013,Portland,4077,185,92,0,339,8.31
2013,Preston,2019,40,4,0,91,4.51
2013,Prospect,3474,0,4,0,38,1.09
2013,Putnam,4299,383,79,0,662,15.4
2013,Redding,3811,0,0,0,0,0
2013,Ridgefield,9420,179,0,42,230,2.44
2013,Rocky Hill,8843,236,29,0,444,5.02
2013,Roxbury,1167,19,0,0,21,1.8
2013,Salem,1635,1,0,0,35,2.14
2013,Salisbury,2593,16,1,10,34,1.31
2013,Scotland,680,0,0,0,16,2.35
2013,Seymour,6968,262,16,0,381,5.47
2013,Sharon,1775,20,0,0,24,1.35
2013,Shelton,16146,254,21,82,444,2.75
2013,Sherman,1831,0,1,0,4,0.22
2013,Simsbury,9123,241,11,0,314,3.44
2013,Somers,3479,146,7,0,182,5.23
2013,South Windsor,10243,427,54,0,720,7.03
2013,Southbury,9091,89,2,0,114,1.25
2013,Southington,17447,609,42,51,997,5.71
2013,Sprague,1248,20,9,0,64,5.13
2013,Stafford,5124,178,11,0,387,7.55
2013,Stamford,50573,4863,1631,1295,8115,16.05
2013,Sterling,1511,0,1,0,62,4.1
2013,Stonington,9467,296,17,0,379,4
2013,Stratford,21091,524,375,33,1210,5.74
2013,Suffield,5469,212,0,15,297,5.43
2013,Thomaston,3276,105,4,0,226,6.9
2013,Thompson,4171,151,13,0,323,7.74
2013,Tolland,5451,97,1,3,211,3.87
2013,Torrington,16761,1112,355,17,2123,12.67
2013,Trumbull,13157,315,12,314,677,5.15
2013,Union,388,0,0,0,16,4.12
2013,Vernon,13896,1387,533,12,2306,16.59
2013,Voluntown,1127,20,2,0,53,4.7
2013,Wallingford,18945,482,140,35,967,5.1
2013,Warren,811,0,0,0,8,0.99
2013,Washington,2124,14,0,23,38,1.79
2013,Waterbury,47991,4901,3635,326,11189,23.31
2013,Waterford,8634,123,17,0,390,4.52
2013,Watertown,9096,206,24,0,375,4.12
2013,West Hartford,26396,590,943,287,2136,8.09
2013,West Haven,22446,1024,1613,0,3066,13.66
2013,Westbrook,3937,140,8,24,187,4.75
2013,Weston,3674,0,1,0,1,0.03
2013,Westport,10399,245,20,19,286,2.75
2013,Wethersfield,11677,625,127,0,983,8.42
2013,Willington,2637,160,2,0,212,8.04
2013,Wilton,6475,135,5,100,247,3.81
2013,Winchester,5613,316,269,0,735,13.09
2013,Windham,9570,1752,533,0,2775,29
2013,Windsor,11767,154,282,26,861,7.32
2013,Windsor Locks,5429,137,178,0,502,9.25
2013,Wolcott,6276,312,3,0,446,7.11
2013,Woodbridge,3478,30,3,0,39,1.12
2013,Woodbury,4564,60,4,0,89,1.95
2013,Woodstock,3582,24,3,0,114,3.18
2012,Andover,1317,24,1,0,47,3.57
2012,Ansonia,8148,372,699,9,1186,14.56
2012,Ashford,1903,32,2,0,71,3.73
2012,Avon,7389,240,7,0,270,3.65
2012,Barkhamsted,1589,0,1,0,13,0.82
2012,Beacon Falls,2509,0,5,0,31,1.24
2012,Berlin,8140,468,29,6,585,7.19
2012,Bethany,2044,0,0,1,2,0.1
2012,Bethel,7310,250,10,63,380,5.2
2012,Bethlehem,1575,24,1,0,25,1.59
2012,Bloomfield,9019,584,147,0,1026,11.38
2012,Bolton,2015,0,3,0,19,0.94
2012,Bozrah,1059,0,4,0,23,2.17
2012,Branford,13972,232,50,0,456,3.26
2012,Bridgeport,57012,5604,3498,20,10086,17.69
2012,Bridgewater,881,0,0,0,2,0.23
2012,Bristol,27011,1771,793,0,3578,13.25
2012,Brookfield,6562,35,7,55,139,2.12
2012,Brooklyn,3235,233,11,0,324,10.02
2012,Burlington,3389,28,0,0,57,1.68
2012,Canaan,779,25,0,1,35,4.49
2012,Canterbury,2043,76,1,0,117,5.73
2012,Canton,4339,211,19,32,317,7.31
2012,Chaplin,988,0,0,0,24,2.43
2012,Cheshire,10424,237,7,17,331,3.18
2012,Chester,1923,23,2,0,35,1.82
2012,Clinton,6065,84,5,0,132,2.18
2012,Colchester,6182,364,31,0,488,7.89
2012,Colebrook,722,0,0,1,8,1.11
2012,Columbia,2308,24,2,0,69,2.99
2012,Cornwall,1007,18,0,0,20,1.99
2012,Coventry,5099,104,1,20,261,5.12
2012,Cromwell,6001,212,6,0,417,6.95
2012,Danbury,31154,1586,1181,192,3274,10.51
2012,Darien,7074,83,6,93,183,2.59
2012,Deep River,2096,26,5,0,54,2.58
2012,Derby,5849,259,307,0,629,10.75
2012,Durham,2694,33,1,0,47,1.74
2012,East Granby,2152,72,4,0,108,5.02
2012,East Haddam,4508,73,0,1,104,2.31
2012,East Hampton,5485,70,5,25,176,3.21
2012,East Hartford,21328,1577,1024,0,3509,16.45
2012,East Haven,12533,421,128,0,843,6.73
2012,East Lyme,8458,342,8,19,449,5.31
2012,East Windsor,5045,558,49,14,721,14.29
2012,Eastford,793,0,0,0,19,2.4
2012,Easton,2715,0,0,11,11,0.41
2012,Ellington,6665,260,8,0,351,5.27
2012,Enfield,17558,1340,215,7,2108,12.01
2012,Essex,3261,36,6,0,51,1.56
2012,Fairfield,21648,241,181,116,567,2.62
2012,Farmington,11106,456,110,155,838,7.55
2012,Franklin,771,0,1,0,17,2.2
2012,Glastonbury,13656,582,47,2,753,5.51
2012,Goshen,1664,1,0,0,6,0.36
2012,Granby,4360,85,2,5,134,3.07
2012,Greenwich,25631,837,421,54,1314,5.13
2012,Griswold,5118,136,41,0,336,6.57
2012,Groton,17978,3267,52,10,3666,20.39
2012,Guilford,9596,168,6,0,203,2.12
2012,Haddam,3504,22,1,0,38,1.08
2012,Hamden,25114,684,523,4,1659,6.61
2012,Hampton,793,0,0,0,18,2.27
2012,Hartford,51822,9415,8390,0,19245,37.14
2012,Hartland,856,2,0,0,8,0.93
2012,Harwinton,2282,23,0,0,48,2.1
2012,Hebron,3567,59,3,0,98,2.75
2012,Kent,1665,48,0,0,52,3.12
2012,Killingly,7592,530,120,0,959,12.63
2012,Killingworth,2598,0,2,5,12,0.46
2012,Lebanon,3125,26,4,0,86,2.75
2012,Ledyard,5987,32,6,0,206,3.44
2012,Lisbon,1730,2,0,0,45,2.6
2012,Litchfield,3975,140,1,29,182,4.58
2012,Lyme,1223,0,0,8,10,0.82
2012,Madison,8049,90,1,29,128,1.59
2012,Manchester,25996,1813,1074,36,3807,14.64
2012,Mansfield,6017,417,153,2,658,10.94
2012,Marlborough,2389,24,0,0,44,1.84
2012,Meriden,25892,1769,1008,11,3810,14.71
2012,Middlebury,2892,76,4,8,100,3.46
2012,Middlefield,1863,30,1,1,42,2.25
2012,Middletown,21223,2814,987,25,4416,20.81
2012,Milford,23074,822,277,85,1396,6.05
2012,Monroe,6918,35,1,1,56,0.81
2012,Montville,7407,81,30,0,312,4.21
2012,Morris,1314,20,2,0,22,1.67
2012,Naugatuck,13061,492,293,0,1086,8.31
2012,New Britain,31226,3183,1627,382,6345,20.32
2012,New Canaan,7551,140,10,31,183,2.42
2012,New Fairfield,5593,0,0,13,38,0.68
2012,New Hartford,2923,12,1,15,66,2.26
2012,New Haven,54967,8210,6138,545,16020,29.14
2012,New London,11840,1672,144,83,2356,19.9
2012,New Milford,11731,233,259,16,631,5.38
2012,Newington,13011,426,105,36,933,7.17
2012,Newtown,10061,134,2,15,174,1.73
2012,Norfolk,967,28,0,0,31,3.21
2012,North Branford,5629,62,7,0,124,2.2
2012,North Canaan,1587,101,0,0,108,6.81
2012,North Haven,9491,343,28,1,446,4.7
2012,North Stonington,2306,0,1,0,22,0.95
2012,Norwalk,35415,2248,947,616,4049,11.43
2012,Norwich,18659,1906,728,0,3152,16.89
2012,Old Lyme,5021,60,1,3,71,1.41
2012,Old Saybrook,5602,50,5,1,72,1.29
2012,Orange,5345,46,4,0,59,1.1
2012,Oxford,4746,36,1,0,45,0.95
2012,Plainfield,6229,378,224,0,898,14.42
2012,Plainville,8063,223,25,21,571,7.08
2012,Plymouth,5109,179,5,0,336,6.58
2012,Pomfret,1684,32,2,0,51,3.03
2012,Portland,4077,185,92,0,328,8.05
2012,Preston,2019,40,4,0,80,3.96
2012,Prospect,3474,0,4,0,29,0.83
2012,Putnam,4299,383,73,0,589,13.7
2012,Redding,3811,0,0,0,0,0
2012,Ridgefield,9420,179,0,33,220,2.34
2012,Rocky Hill,8843,236,29,0,438,4.95
2012,Roxbury,1167,19,0,0,20,1.71
2012,Salem,1635,1,0,0,29,1.77
2012,Salisbury,2593,16,1,10,32,1.23
2012,Scotland,680,0,0,0,11,1.62
2012,Seymour,6968,262,16,0,367,5.27
2012,Sharon,1775,20,0,0,24,1.35
2012,Shelton,16146,254,21,82,440,2.73
2012,Sherman,1831,0,1,0,2,0.11
2012,Simsbury,9123,241,11,0,310,3.4
2012,Somers,3479,54,7,0,79,2.27
2012,South Windsor,10243,427,54,0,716,6.99
2012,Southbury,9091,89,2,0,105,1.15
2012,Southington,17447,609,42,51,983,5.63
2012,Sprague,1248,20,9,0,60,4.81
2012,Stafford,5124,178,11,0,349,6.81
2012,Stamford,50573,4618,1605,1295,7827,15.48
2012,Sterling,1511,0,1,0,36,2.38
2012,Stonington,9467,296,17,0,365,3.86
2012,Stratford,21091,524,375,33,1191,5.65
2012,Suffield,5469,212,0,15,279,5.1
2012,Thomaston,3276,105,4,0,200,6.11
2012,Thompson,4171,150,13,0,246,5.9
2012,Tolland,5451,97,1,3,180,3.3
2012,Torrington,16761,1082,297,17,2007,11.97
2012,Trumbull,13157,315,12,314,676,5.14
2012,Union,388,0,0,0,9,2.32
2012,Vernon,13896,1386,533,12,2283,16.43
2012,Voluntown,1127,20,2,0,45,3.99
2012,Wallingford,18945,482,140,35,955,5.04
2012,Warren,811,0,0,0,4,0.49
2012,Washington,2124,14,0,23,37,1.74
2012,Waterbury,47991,4870,3149,326,10601,22.09
2012,Waterford,8634,123,17,0,348,4.03
2012,Watertown,9096,206,24,0,364,4
2012,West Hartford,26396,541,943,287,2075,7.86
2012,West Haven,22446,1024,1503,0,2942,13.11
2012,Westbrook,3937,140,8,24,185,4.7
2012,Weston,3674,0,1,0,1,0.03
2012,Westport,10399,245,20,15,282,2.71
2012,Wethersfield,11677,625,127,0,968,8.29
2012,Willington,2637,160,2,0,199,7.55
2012,Wilton,6475,84,5,140,236,3.64
2012,Winchester,5613,316,269,0,707,12.6
2012,Windham,9570,1692,436,0,2576,26.92
2012,Windsor,11767,154,282,26,841,7.15
2012,Windsor Locks,5429,137,178,0,497,9.15
2012,Wolcott,6276,312,3,0,436,6.95
2012,Woodbridge,3478,30,3,0,39,1.12
2012,Woodbury,4564,60,4,0,83,1.82
2012,Woodstock,3582,24,3,0,79,2.21
2011,Andover,1317,24,1,0,45,3.42
2011,Ansonia,8148,372,699,9,1186,14.56
2011,Ashford,1903,32,1,0,68,3.57
2011,Avon,7389,240,5,0,266,3.6
2011,Barkhamsted,1589,0,3,0,14,0.88
2011,Beacon Falls,2509,0,6,0,31,1.24
2011,Berlin,8140,468,30,6,586,7.2
2011,Bethany,2044,0,0,0,1,0.05
2011,Bethel,7310,250,9,63,379,5.18
2011,Bethlehem,1575,24,0,0,24,1.52
2011,Bloomfield,9019,584,147,0,1026,11.38
2011,Bolton,2015,0,3,0,18,0.89
2011,Bozrah,1059,0,4,0,20,1.89
2011,Branford,13972,232,46,0,452,3.24
2011,Bridgeport,57012,5604,3724,15,10307,18.08
2011,Bridgewater,881,0,0,0,2,0.23
2011,Bristol,27011,1771,791,0,3576,13.24
2011,Brookfield,6562,35,6,52,131,2
2011,Brooklyn,3235,233,9,0,305,9.43
2011,Burlington,3389,28,0,0,53,1.56
2011,Canaan,779,25,0,1,35,4.49
2011,Canterbury,2043,76,1,0,108,5.29
2011,Canton,4339,211,20,32,315,7.26
2011,Chaplin,988,0,1,0,24,2.43
2011,Cheshire,10424,237,5,17,329,3.16
2011,Chester,1923,23,2,0,34,1.77
2011,Clinton,6065,84,5,0,131,2.16
2011,Colchester,6182,364,26,0,474,7.67
2011,Colebrook,722,0,0,1,8,1.11
2011,Columbia,2308,24,4,0,65,2.82
2011,Cornwall,1007,18,0,0,18,1.79
2011,Coventry,5099,104,5,20,245,4.8
2011,Cromwell,6001,212,6,0,417,6.95
2011,Danbury,31154,1586,952,273,3126,10.03
2011,Darien,7074,83,8,93,185,2.62
2011,Deep River,2096,26,4,0,52,2.48
2011,Derby,5849,259,305,0,627,10.72
2011,Durham,2694,33,1,0,45,1.67
2011,East Granby,2152,72,1,0,103,4.79
2011,East Haddam,4508,73,3,1,104,2.31
2011,East Hampton,5485,70,1,25,165,3.01
2011,East Hartford,21328,1577,835,0,3320,15.57
2011,East Haven,12533,421,254,0,969,7.73
2011,East Lyme,8458,342,61,10,491,5.81
2011,East Windsor,5045,558,27,14,691,13.7
2011,Eastford,793,0,0,0,16,2.02
2011,Easton,2715,0,33,11,44,1.62
2011,Ellington,6665,260,6,0,335,5.03
2011,Enfield,17558,1340,215,7,2108,12.01
2011,Essex,3261,36,4,0,48,1.47
2011,Fairfield,21648,241,182,117,569,2.63
2011,Farmington,11106,456,110,154,837,7.54
2011,Franklin,771,0,1,0,16,2.08
2011,Glastonbury,13656,582,49,0,753,5.51
2011,Goshen,1664,1,1,0,7,0.42
2011,Granby,4360,85,1,5,125,2.87
2011,Greenwich,25631,837,359,54,1252,4.88
2011,Griswold,5118,136,42,0,318,6.21
2011,Groton,17978,3267,56,10,3670,20.41
2011,Guilford,9596,168,5,0,201,2.09
2011,Haddam,3504,22,1,0,37,1.06
2011,Hamden,25114,684,514,4,1650,6.57
2011,Hampton,793,0,0,0,16,2.02
2011,Hartford,51822,9415,7577,0,18432,35.57
2011,Hartland,856,2,0,0,6,0.7
2011,Harwinton,2282,23,1,0,45,1.97
2011,Hebron,3567,59,3,0,92,2.58
2011,Kent,1665,48,1,24,77,4.62
2011,Killingly,7592,530,124,0,905,11.92
2011,Killingworth,2598,0,1,5,11,0.42
2011,Lebanon,3125,26,5,0,78,2.5
2011,Ledyard,5987,32,7,0,197,3.29
2011,Lisbon,1730,2,0,0,37,2.14
2011,Litchfield,3975,140,2,29,182,4.58
2011,Lyme,1223,0,0,7,9,0.74
2011,Madison,8049,90,1,29,127,1.58
2011,Manchester,25996,1813,1011,36,3743,14.4
2011,Mansfield,6017,417,159,2,654,10.87
2011,Marlborough,2389,24,0,0,40,1.67
2011,Meriden,25892,1769,970,11,3772,14.57
2011,Middlebury,2892,76,3,8,95,3.28
2011,Middlefield,1863,30,0,1,41,2.2
2011,Middletown,21223,2814,1295,25,4724,22.26
2011,Milford,23074,822,285,85,1404,6.08
2011,Monroe,6918,35,1,1,55,0.8
2011,Montville,7407,81,30,0,288,3.89
2011,Morris,1314,20,2,0,22,1.67
2011,Naugatuck,13061,492,273,0,1066,8.16
2011,New Britain,31226,3183,1457,396,6189,19.82
2011,New Canaan,7551,140,10,31,183,2.42
2011,New Fairfield,5593,0,0,13,35,0.63
2011,New Hartford,2923,12,0,15,63,2.16
2011,New Haven,54967,8210,6116,487,15940,29
2011,New London,11840,1672,155,69,2353,19.87
2011,New Milford,11731,233,221,16,577,4.92
2011,Newington,13011,426,84,36,912,7.01
2011,Newtown,10061,134,4,15,173,1.72
2011,Norfolk,967,28,0,0,31,3.21
2011,North Branford,5629,62,8,0,122,2.17
2011,North Canaan,1587,101,0,0,108,6.81
2011,North Haven,9491,343,29,1,447,4.71
2011,North Stonington,2306,0,1,0,18,0.78
2011,Norwalk,35415,2248,982,559,4027,11.37
2011,Norwich,18659,1906,707,0,3130,16.77
2011,Old Lyme,5021,60,1,3,69,1.37
2011,Old Saybrook,5602,50,5,1,71,1.27
2011,Orange,5345,46,4,0,59,1.1
2011,Oxford,4746,36,1,0,45,0.95
2011,Plainfield,6229,378,225,0,864,13.87
2011,Plainville,8063,223,24,53,602,7.47
2011,Plymouth,5109,179,5,0,326,6.38
2011,Pomfret,1684,32,2,0,45,2.67
2011,Portland,4077,185,91,0,324,7.95
2011,Preston,2019,40,3,0,77,3.81
2011,Prospect,3474,0,4,0,26,0.75
2011,Putnam,4299,383,64,0,548,12.75
2011,Redding,3811,0,0,0,0,0
2011,Ridgefield,9420,179,0,20,207,2.2
2011,Rocky Hill,8843,236,23,0,432,4.89
2011,Roxbury,1167,19,0,0,20,1.71
2011,Salem,1635,1,0,0,26,1.59
2011,Salisbury,2593,16,0,10,30,1.16
2011,Scotland,680,0,0,0,9,1.32
2011,Seymour,6968,262,25,0,370,5.31
2011,Sharon,1775,20,1,0,25,1.41
2011,Shelton,16146,254,16,82,435,2.69
2011,Sherman,1831,0,1,0,2,0.11
2011,Simsbury,9123,241,12,0,311,3.41
2011,Somers,3479,54,7,0,77,2.21
2011,South Windsor,10243,427,53,0,715,6.98
2011,Southbury,9091,89,2,0,103,1.13
2011,Southington,17447,609,41,51,982,5.63
2011,Sprague,1248,20,9,0,59,4.73
2011,Stafford,5124,178,12,0,330,6.44
2011,Stamford,50573,4618,1645,1221,7793,15.41
2011,Sterling,1511,0,3,9,33,2.18
2011,Stonington,9467,296,16,0,361,3.81
2011,Stratford,21091,524,365,33,1181,5.6
2011,Suffield,5469,212,0,15,268,4.9
2011,Thomaston,3276,105,3,0,191,5.83
2011,Thompson,4171,150,12,0,216,5.18
2011,Tolland,5451,97,2,3,171,3.14
2011,Torrington,16761,1082,301,17,2011,12
2011,Trumbull,13157,315,13,274,637,4.84
2011,Union,388,0,0,0,6,1.55
2011,Vernon,13896,1386,519,12,2269,16.33
2011,Voluntown,1127,20,2,0,43,3.82
2011,Wallingford,18945,482,141,35,957,5.05
2011,Warren,811,0,0,0,2,0.25
2011,Washington,2124,14,0,23,37,1.74
2011,Waterbury,47991,4870,3110,333,10569,22.02
2011,Waterford,8634,123,13,0,328,3.8
2011,Watertown,9096,206,19,0,359,3.95
2011,West Hartford,26396,541,942,282,2069,7.84
2011,West Haven,22446,1024,1380,0,2819,12.56
2011,Westbrook,3937,140,7,24,184,4.67
2011,Weston,3674,0,1,0,1,0.03
2011,Westport,10399,245,20,15,282,2.71
2011,Wethersfield,11677,625,127,0,968,8.29
2011,Willington,2637,160,4,0,196,7.43
2011,Wilton,6475,84,4,70,165,2.55
2011,Winchester,5613,316,248,0,680,12.11
2011,Windham,9570,1692,560,0,2679,27.99
2011,Windsor,11767,154,245,0,778,6.61
2011,Windsor Locks,5429,137,149,0,468,8.62
2011,Wolcott,6276,312,4,0,437,6.96
2011,Woodbridge,3478,30,5,0,41,1.18
2011,Woodbury,4564,60,4,0,83,1.82
2011,Woodstock,3582,24,3,0,66,1.84
2021,Andover,1317,24,1,0,54,4.1
2021,Ansonia,8148,366,799,0,1303,15.99
2021,Ashford,1903,32,0,0,64,3.36
2021,Avon,7389,244,21,1,302,4.09
2021,Barkhamsted,1589,0,5,0,26,1.64
2021,Beacon Falls,2509,0,4,0,42,1.67
2021,Berlin,8140,556,50,4,734,9.02
2021,Bethany,2044,0,2,0,13,0.64
2021,Bethel,7310,192,30,87,441,6.03
2021,Bethlehem,1575,24,0,0,29,1.84
2021,Bloomfield,9019,574,114,0,991,10.99
2021,Bolton,2015,0,2,0,31,1.54
2021,Bozrah,1059,0,3,0,30,2.83
2021,Branford,13972,243,73,9,477,3.41
2021,Bridgeport,57012,6949,4351,19,12134,21.28
2021,Bridgewater,881,0,0,0,1,0.11
2021,Bristol,27011,2006,950,0,3987,14.76
2021,Brookfield,6562,155,22,77,351,5.35
2021,Brooklyn,3235,232,10,0,305,9.43
2021,Burlington,3389,27,0,0,71,2.1
2021,Canaan,779,1,3,1,9,1.16
2021,Canterbury,2043,76,1,0,138,6.75
2021,Canton,4339,251,31,32,362,8.34
2021,Chaplin,988,0,2,0,37,3.74
2021,Cheshire,10424,258,23,17,386,3.7
2021,Chester,1923,23,4,0,42,2.18
2021,Clinton,6065,105,8,0,173,2.85
2021,Colchester,6182,364,37,4,537,8.69
2021,Colebrook,722,0,1,1,8,1.11
2021,Columbia,2308,24,2,0,83,3.6
2021,Cornwall,1007,28,2,0,36,3.57
2021,Coventry,5099,103,4,20,247,4.84
2021,Cromwell,6001,212,9,0,394,6.57
2021,Danbury,31154,1652,1258,221,3596,11.54
2021,Darien,7074,161,14,104,281,3.97
2021,Deep River,2096,26,6,0,64,3.05
2021,Derby,5849,275,314,0,691,11.81
2021,Durham,2694,36,1,0,63,2.34
2021,East Granby,2152,72,2,0,116,5.39
2021,East Haddam,4508,73,2,0,134,2.97
2021,East Hampton,5485,64,7,25,179,3.26
2021,East Hartford,21328,1593,809,0,3366,15.78
2021,East Haven,12533,542,167,0,983,7.84
2021,East Lyme,8458,396,19,19,520,6.15
2021,East Windsor,5045,559,37,0,698,13.84
2021,Eastford,793,0,0,0,10,1.26
2021,Easton,2715,0,0,15,18,0.66
2021,Ellington,6665,260,5,0,369,5.54
2021,Enfield,17558,1360,221,7,2180,12.42
2021,Essex,3261,75,2,16,109,3.34
2021,Fairfield,21648,231,139,182,608,2.81
2021,Farmington,11106,470,115,155,868,7.82
2021,Franklin,771,27,2,0,48,6.23
2021,Glastonbury,13656,604,49,2,763,5.59
2021,Goshen,1664,1,1,0,6,0.36
2021,Granby,4360,85,2,5,138,3.17
2021,Greenwich,25631,879,458,38,1388,5.42
2021,Griswold,5118,222,57,0,423,8.26
2021,Groton,17978,3727,103,10,4175,23.22
2021,Guilford,9596,186,10,0,228,2.38
2021,Haddam,3504,22,1,0,50,1.43
2021,Hamden,25114,1048,818,4,2343,9.33
2021,Hampton,793,0,1,0,12,1.51
2021,Hartford,51822,10733,8723,0,20897,40.32
2021,Hartland,856,2,0,0,8,0.93
2021,Harwinton,2282,22,6,5,67,2.94
2021,Hebron,3567,58,3,0,105,2.94
2021,Kent,1665,58,4,0,66,3.96
2021,Killingly,7592,467,152,0,786,10.35
2021,Killingworth,2598,0,0,5,21,0.81
2021,Lebanon,3125,26,3,0,105,3.36
2021,Ledyard,5987,32,12,6,260,4.34
2021,Lisbon,1730,2,0,0,60,3.47
2021,Litchfield,3975,140,3,19,192,4.83
2021,Lyme,1223,0,0,8,13,1.06
2021,Madison,8049,90,3,33,135,1.68
2021,Manchester,25996,1871,979,32,3754,14.44
2021,Mansfield,6017,175,128,2,385,6.4
2021,Marlborough,2389,24,0,0,48,2.01
2021,Meriden,25892,1976,1360,11,4303,16.62
2021,Middlebury,2892,77,5,20,120,4.15
2021,Middlefield,1863,30,3,1,52,2.79
2021,Middletown,21223,3116,1129,25,4756,22.41
2021,Milford,23074,728,244,74,1214,5.26
2021,Monroe,6918,35,5,8,92,1.33
2021,Montville,7407,81,54,0,382,5.16
2021,Morris,1314,20,3,0,28,2.13
2021,Naugatuck,13061,493,305,0,1142,8.74
2021,New Britain,31226,3017,1583,100,5809,18.6
2021,New Canaan,7551,175,19,21,220,2.91
2021,New Fairfield,5593,0,2,17,72,1.29
2021,New Hartford,2923,12,3,15,77,2.63
2021,New Haven,54967,9652,7142,457,18142,33.01
2021,New London,11840,1600,490,101,2666,22.52
2021,New Milford,11731,319,41,20,533,4.54
2021,Newington,13011,531,128,36,1132,8.7
2021,Newtown,10061,134,7,32,253,2.51
2021,Norfolk,967,21,1,0,27,2.79
2021,North Branford,5629,62,14,0,121,2.15
2021,North Canaan,1587,148,0,0,162,10.21
2021,North Haven,9491,393,51,23,552,5.82
2021,North Stonington,2306,0,1,6,28,1.21
2021,Norwalk,35415,2245,1546,667,4843,13.67
2021,Norwich,18659,2296,796,0,3608,19.34
2021,Old Lyme,5021,64,2,3,83,1.65
2021,Old Saybrook,5602,52,15,73,161,2.87
2021,Orange,5345,46,10,6,72,1.35
2021,Oxford,4746,36,3,0,65,1.37
2021,Plainfield,6229,377,196,4,768,12.33
2021,Plainville,8063,205,46,22,555,6.88
2021,Plymouth,5109,178,20,0,372,7.28
2021,Pomfret,1684,32,2,0,47,2.79
2021,Portland,4077,185,90,0,339,8.31
2021,Preston,2019,40,5,0,83,4.11
2021,Prospect,3474,0,4,45,92,2.65
2021,Putnam,4299,413,63,0,546,12.7
2021,Redding,3811,0,2,0,17,0.45
2021,Ridgefield,9420,175,6,79,286,3.04
2021,Rocky Hill,8843,235,62,0,454,5.13
2021,Roxbury,1167,19,0,0,24,2.06
2021,Salem,1635,0,4,0,34,2.08
2021,Salisbury,2593,24,0,14,40,1.54
2021,Scotland,680,0,1,0,29,4.26
2021,Seymour,6968,262,29,0,389,5.58
2021,Sharon,1775,32,1,0,36,2.03
2021,Shelton,16146,254,40,82,494,3.06
2021,Sherman,1831,0,1,0,7,0.38
2021,Simsbury,9123,289,63,0,438,4.8
2021,Somers,3479,146,7,0,186,5.35
2021,South Windsor,10243,443,57,12,698,6.81
2021,Southbury,9091,90,7,0,128,1.41
2021,Southington,17447,499,62,54,932,5.34
2021,Sprague,1248,20,12,1,57,4.57
2021,Stafford,5124,257,20,0,392,7.65
2021,Stamford,50573,4219,2073,1270,7945,15.71
2021,Sterling,1511,0,6,0,27,1.79
2021,Stonington,9467,441,19,2,541,5.71
2021,Stratford,21091,524,425,33,1326,6.29
2021,Suffield,5469,296,6,15,365,6.67
2021,Thomaston,3276,104,5,0,206,6.29
2021,Thompson,4171,151,13,0,206,4.94
2021,Tolland,5451,127,12,3,237,4.35
2021,Torrington,16761,912,328,17,1770,10.56
2021,Trumbull,13157,315,19,315,731,5.56
2021,Union,388,0,0,0,6,1.55
2021,Vernon,13896,1509,470,12,2339,16.83
2021,Voluntown,1127,20,1,0,43,3.82
2021,Wallingford,18945,354,142,35,827,4.37
2021,Warren,811,0,0,0,1,0.12
2021,Washington,2124,17,2,23,45,2.12
2021,Waterbury,47991,5385,3156,48,10186,21.22
2021,Waterford,8634,213,33,0,485,5.62
2021,Watertown,9096,205,33,0,454,4.99
2021,West Hartford,26396,643,852,250,2065,7.82
2021,West Haven,22446,1024,2119,0,3538,15.76
2021,Westbrook,3937,140,5,29,203,5.16
2021,Weston,3674,0,2,0,8,0.22
2021,Westport,10399,265,60,63,390,3.75
2021,Wethersfield,11677,705,109,0,1072,9.18
2021,Willington,2637,160,6,0,201,7.62
2021,Wilton,6475,158,9,51,232,3.58
2021,Winchester,5613,350,170,0,604,10.76
2021,Windham,9570,1776,597,0,2711,28.33
2021,Windsor,11767,154,288,26,888,7.55
2021,Windsor Locks,5429,297,154,0,675,12.43
2021,Wolcott,6276,313,14,0,501,7.98
2021,Woodbridge,3478,30,8,0,41,1.18
2021,Woodbury,4564,60,4,0,91,1.99
2021,Woodstock,3582,24,0,0,52,1.45
2022,Ansonia,8148,230,816,0,1178,14.46
2022,Bloomfield,9019,612,115,0,1004,11.13
2022,Bridgeport,57012,7020,4321,15,12100,21.22
2022,Bristol,27011,2006,965,0,3934,14.56
2022,Danbury,31154,1652,1292,210,3544,11.38
2022,Derby,5849,275,316,0,680,11.63
2022,East Hartford,21328,1593,826,0,3338,15.65
2022,East Windsor,5045,559,43,0,704,13.95
2022,Enfield,17558,1360,231,7,2142,12.2
2022,Groton,17978,3727,100,10,4149,23.08
2022,Hartford,51822,10620,9132,0,21122,40.76
2022,Killingly,7592,467,160,0,768,10.12
2022,Manchester,25996,1864,1011,32,3728,14.34
2022,Meriden,25892,2057,1426,11,4399,16.99
2022,Middletown,21223,3118,1167,25,4753,22.4
2022,New Britain,31226,3017,1692,91,5848,18.73
2022,New Haven,54967,9621,7498,391,18343,33.37
2022,New London,11840,1620,501,131,2700,22.8
2022,Norwalk,35415,2423,1619,698,5085,14.36
2022,Norwich,18659,2350,767,0,3616,19.38
2022,Plainfield,6229,429,192,4,794,12.75
2022,Putnam,4299,413,69,0,543,12.63
2022,Stamford,50573,4217,2033,1268,7863,15.55
2022,Torrington,16761,912,322,17,1733,10.34
2022,Vernon,13896,1509,464,12,2307,16.6
2022,Waterbury,47991,5385,3205,39,10107,21.06
2022,West Haven,22446,1024,2112,0,3486,15.53
2022,Windham,9570,1776,586,0,2672,27.92
2022,Windsor Locks,5429,297,166,0,669,12.32
2022,Andover,1317,24,1,0,52,3.95
2022,Ashford,1903,32,0,0,62,3.26
2022,Avon,7389,244,24,2,299,4.05
2022,Barkhamsted,1589,0,5,0,26,1.64
2022,Beacon Falls,2509,0,6,0,39,1.55
2022,Berlin,8140,556,48,4,716,8.8
2022,Bethany,2044,0,2,0,10,0.49
2022,Bethel,7310,192,34,84,429,5.87
2022,Bethlehem,1575,24,0,0,28,1.78
2022,Bolton,2015,0,0,0,28,1.39
2022,Bozrah,1059,0,3,0,27,2.55
2022,Branford,13972,243,65,9,446,3.19
2022,Bridgewater,881,0,0,0,1,0.11
2022,Brookfield,6562,155,23,112,373,5.68
2022,Brooklyn,3235,205,13,0,277,8.56
2022,Burlington,3389,27,0,0,71,2.1
2022,Canaan,779,1,2,3,10,1.28
2022,Canterbury,2043,76,0,0,127,6.22
2022,Canton,4339,251,32,32,360,8.3
2022,Chaplin,988,0,3,0,33,3.34
2022,Cheshire,10424,258,21,17,369,3.54
2022,Chester,1923,23,4,0,39,2.03
2022,Clinton,6065,105,8,0,170,2.8
2022,Colchester,6182,364,38,4,522,8.44
2022,Colebrook,722,0,0,1,8,1.11
2022,Columbia,2308,24,2,0,68,2.95
2022,Cornwall,1007,28,2,0,36,3.57
2022,Coventry,5099,103,3,20,239,4.69
2022,Cromwell,6001,212,9,0,372,6.2
2022,Darien,7074,161,17,117,296,4.18
2022,Deep River,2096,44,7,0,79,3.77
2022,Durham,2694,36,1,0,59,2.19
2022,East Granby,2152,72,2,0,109,5.07
2022,East Haddam,4508,73,1,0,121,2.68
2022,East Hampton,5485,70,8,25,179,3.26
2022,East Haven,12533,612,166,0,1037,8.27
2022,East Lyme,8458,452,24,19,570,6.74
2022,Eastford,793,0,0,0,9,1.13
2022,Easton,2715,0,0,14,17,0.63
2022,Ellington,6665,260,6,0,355,5.33
2022,Essex,3261,75,1,16,107,3.28
2022,Fairfield,21648,231,138,199,625,2.89
2022,Farmington,11106,538,122,155,923,8.31
2022,Franklin,771,27,1,0,46,5.97
2022,Glastonbury,13656,604,55,2,758,5.55
2022,Goshen,1664,1,1,0,5,0.3
2022,Granby,4360,85,3,5,132,3.03
2022,Greenwich,25631,921,473,47,1452,5.67
2022,Griswold,5118,222,61,0,402,7.85
2022,Guilford,9596,177,11,1,219,2.28
2022,Haddam,3504,22,1,0,47,1.34
2022,Hamden,25114,1048,826,4,2307,9.19
2022,Hampton,793,0,1,0,10,1.26
2022,Hartland,856,2,0,0,5,0.58
2022,Harwinton,2282,22,6,5,64,2.8
2022,Hebron,3567,58,2,0,102,2.86
2022,Kent,1665,58,3,0,64,3.84
2022,Killingworth,2598,0,1,2,19,0.73
2022,Lebanon,3125,26,3,0,98,3.14
2022,Ledyard,5987,32,10,6,239,3.99
2022,Lisbon,1730,2,0,0,54,3.12
2022,Litchfield,3975,140,3,19,188,4.73
2022,Lyme,1223,0,0,8,11,0.9
2022,Madison,8049,90,3,29,130,1.62
2022,Mansfield,6017,175,130,2,379,6.3
2022,Marlborough,2389,24,0,0,42,1.76
2022,Middlebury,2892,77,4,20,115,3.98
2022,Middlefield,1863,30,5,1,55,2.95
2022,Milford,23074,728,235,74,1175,5.09
2022,Monroe,6918,35,5,8,84,1.21
2022,Montville,7407,81,54,0,368,4.97
2022,Morris,1314,20,1,0,26,1.98
2022,Naugatuck,13061,493,312,0,1117,8.55
2022,New Canaan,7551,175,19,0,200,2.65
2022,New Fairfield,5593,0,4,17,66,1.18
2022,New Hartford,2923,12,4,15,71,2.43
2022,New Milford,11731,319,42,20,520,4.43
2022,Newington,13011,531,122,36,1107,8.51
2022,Newtown,10061,134,6,59,273,2.71
2022,Norfolk,967,21,2,0,28,2.9
2022,North Branford,5629,62,15,0,122,2.17
2022,North Canaan,1587,111,0,0,126,7.94
2022,North Haven,9491,393,53,23,546,5.75
2022,North Stonington,2306,0,1,6,25,1.08
2022,Old Lyme,5021,64,2,3,79,1.57
2022,Old Saybrook,5602,52,15,73,161,2.87
2022,Orange,5345,46,10,6,72,1.35
2022,Oxford,4746,36,3,0,63,1.33
2022,Plainville,8063,205,61,22,550,6.82
2022,Plymouth,5109,178,19,0,361,7.07
2022,Pomfret,1684,32,2,0,45,2.67
2022,Portland,4077,185,87,0,326,8
2022,Preston,2019,40,6,0,82,4.06
2022,Prospect,3474,0,4,55,99,2.85
2022,Redding,3811,0,3,0,17,0.45
2022,Ridgefield,9420,175,6,79,283,3
2022,Rocky Hill,8843,235,63,0,436,4.93
2022,Roxbury,1167,19,0,0,23,1.97
2022,Salem,1635,0,2,0,29,1.77
2022,Salisbury,2593,24,1,14,40,1.54
2022,Scotland,680,0,1,0,26,3.82
2022,Seymour,6968,262,31,0,387,5.55
2022,Sharon,1775,32,1,0,35,1.97
2022,Shelton,16146,322,42,82,550,3.41
2022,Sherman,1831,0,1,0,6,0.33
2022,Simsbury,9123,289,60,28,463,5.08
2022,Somers,3479,146,7,0,184,5.29
2022,South Windsor,10243,443,53,12,663,6.47
2022,Southbury,9091,90,6,0,123,1.35
2022,Southington,17447,499,61,53,912,5.23
2022,Sprague,1248,20,10,1,52,4.17
2022,Stafford,5124,257,18,0,378,7.38
2022,Sterling,1511,0,6,0,26,1.72
2022,Stonington,9467,484,23,2,575,6.07
2022,Stratford,21091,524,436,33,1303,6.18
2022,Suffield,5469,296,6,6,353,6.45
2022,Thomaston,3276,104,6,0,205,6.26
2022,Thompson,4171,151,15,0,202,4.84
2022,Tolland,5451,127,12,3,236,4.33
2022,Trumbull,13157,315,17,316,716,5.44
2022,Union,388,0,0,0,6,1.55
2022,Voluntown,1127,20,1,0,40,3.55
2022,Wallingford,18945,354,149,35,802,4.23
2022,Warren,811,0,0,0,0,0
2022,Washington,2124,17,2,28,49,2.31
2022,Waterford,8634,213,37,0,474,5.49
2022,Watertown,9096,205,33,0,438,4.82
2022,West Hartford,26396,643,798,245,1962,7.43
2022,Westbrook,3937,140,6,29,200,5.08
2022,Weston,3674,0,1,0,6,0.16
2022,Westport,10399,265,54,72,393,3.78
2022,Wethersfield,11677,705,102,0,1050,8.99
2022,Willington,2637,160,7,0,201,7.62
2022,Wilton,6475,158,10,51,231,3.57
2022,Winchester,5613,269,157,0,509,9.07
2022,Windsor,11767,154,261,26,842,7.16
2022,Wolcott,6276,313,11,0,481,7.66
2022,Woodbridge,3478,30,6,0,40,1.15
2022,Woodbury,4564,60,6,0,92,2.02
2022,Woodstock,3582,24,0,0,48,1.34
2023,Andover,1324,24,1,0,51,3.85
2023,Ansonia,8104,232,818,0,1187,14.65
2023,Ashford,1923,32,0,0,62,3.22
2023,Avon,7713,244,25,2,301,3.9
2023,Barkhamsted,1566,0,5,0,28,1.79
2023,Beacon Falls,2618,0,7,0,49,1.87
2023,Berlin,8571,556,46,4,724,8.45
2023,Bethany,2039,0,2,0,11,0.54
2023,Bethel,7980,192,26,83,418,5.24
2023,Bethlehem,1605,24,0,0,28,1.74
2023,Bloomfield,9717,612,138,0,1035,10.65
2023,Bolton,2045,0,1,0,35,1.71
2023,Bozrah,1131,0,2,0,26,2.3
2023,Branford,14180,243,64,9,440,3.1
2023,Bridgeport,58874,7027,4385,12,12174,20.68
2023,Bridgewater,863,0,0,0,1,0.12
2023,Bristol,27251,2006,966,0,3976,14.59
2023,Brookfield,7116,155,26,112,371,5.21
2023,Brooklyn,3342,205,11,0,269,8.05
2023,Burlington,3628,27,0,0,73,2.01
2023,Canaan,639,1,2,3,10,1.56
2023,Canterbury,2044,76,1,0,127,6.21
2023,Canton,4383,251,32,32,360,8.21
2023,Chaplin,955,0,1,0,27,2.83
2023,Cheshire,10401,258,15,17,366,3.52
2023,Chester,1793,23,4,0,39,2.18
2023,Clinton,6283,105,8,0,171,2.72
2023,Colchester,6441,364,39,4,531,8.24
2023,Colebrook,694,0,0,1,7,1.01
2023,Columbia,2294,24,2,0,73,3.18
2023,Cornwall,1002,28,2,0,36,3.59
2023,Coventry,5273,103,3,20,241,4.57
2023,Cromwell,6162,212,11,0,377,6.12
2023,Danbury,33562,1652,1297,210,3527,10.51
2023,Darien,7265,161,18,117,297,4.09
2023,Deep River,2112,44,7,0,79,3.74
2023,Derby,5759,275,323,0,699,12.14
2023,Durham,2828,36,0,0,59,2.09
2023,Eastford,806,0,1,0,11,1.36
2023,East Granby,2183,72,2,0,111,5.08
2023,East Haddam,4477,73,2,0,126,2.81
2023,East Hampton,5637,70,5,25,181,3.21
2023,East Hartford,21361,1593,788,0,3354,15.7
2023,East Haven,12394,612,165,0,1032,8.33
2023,East Lyme,9080,452,23,19,570,6.28
2023,Easton,2756,0,0,10,14,0.51
2023,East Windsor,5348,559,40,0,701,13.11
2023,Ellington,7054,260,6,0,364,5.16
2023,Enfield,17741,1360,232,7,2164,12.2
2023,Essex,3329,75,1,16,107,3.21
2023,Fairfield,21982,231,163,219,671,3.05
2023,Farmington,11667,538,129,155,937,8.03
2023,Franklin,790,27,1,0,47,5.95
2023,Glastonbury,14481,604,57,2,758,5.23
2023,Goshen,1708,1,1,0,6,0.35
2023,Granby,4448,85,2,3,133,2.99
2023,Greenwich,25677,940,475,47,1472,5.73
2023,Griswold,5027,222,60,0,401,7.98
2023,Groton,18154,3727,97,10,4147,22.84
2023,Guilford,9693,177,10,1,215,2.22
2023,Haddam,3540,22,1,0,46,1.3
2023,Hamden,25984,1048,838,117,2442,9.4
2023,Hampton,790,0,1,0,11,1.39
2023,Hartford,53259,10755,8991,0,21165,39.74
2023,Hartland,843,2,0,0,5,0.59
2023,Harwinton,2313,22,6,5,68,2.94
2023,Hebron,3618,58,2,0,108,2.99
2023,Kent,1687,58,3,0,64,3.79
2023,Killingly,7884,467,145,0,746,9.46
2023,Killingworth,2601,0,1,1,20,0.77
2023,Lebanon,3147,26,6,0,107,3.4
2023,Ledyard,6150,32,8,6,235,3.82
2023,Lisbon,1728,2,0,0,54,3.13
2023,Litchfield,3966,140,4,19,189,4.77
2023,Lyme,1220,0,0,8,11,0.9
2023,Madison,8060,90,3,29,130,1.61
2023,Manchester,26445,1864,981,32,3711,14.03
2023,Mansfield,6956,175,124,2,376,5.41
2023,Marlborough,2388,24,0,0,46,1.93
2023,Meriden,26177,2057,1466,11,4466,17.06
2023,Middlebury,3047,77,5,20,114,3.74
2023,Middlefield,1882,30,5,1,57,3.03
2023,Middletown,21671,3048,1137,25,4668,21.54
2023,Milford,23749,728,315,74,1257,5.29
2023,Monroe,6918,35,3,8,84,1.21
2023,Montville,7402,81,49,0,373,5.04
2023,Morris,1253,20,0,0,25,2
2023,Naugatuck,13239,493,296,0,1102,8.32
2023,New Britain,31510,3041,1689,89,5925,18.8
2023,New Canaan,7502,255,33,0,295,3.93
2023,New Fairfield,5635,0,7,16,72,1.28
2023,New Hartford,2968,12,6,9,65,2.19
2023,New Haven,57525,9652,7632,354,18460,32.09
2023,Newington,13219,531,121,36,1134,8.58
2023,New London,12119,1648,491,175,2784,22.97
2023,New Milford,11928,319,36,29,519,4.35
2023,Newtown,10322,134,7,65,283,2.74
2023,Norfolk,932,21,2,0,28,3
2023,North Branford,5633,62,12,0,119,2.11
2023,North Canaan,1582,111,0,0,120,7.59
2023,North Haven,9981,393,50,23,547,5.48
2023,North Stonington,2226,0,2,8,28,1.26
2023,Norwalk,38152,2434,1578,732,5090,13.34
2023,Norwich,18769,2350,813,0,3681,19.61
2023,Old Lyme,4988,64,2,3,80,1.6
2023,Old Saybrook,5870,52,14,73,160,2.73
2023,Orange,5480,46,10,6,72,1.31
2023,Oxford,5022,36,4,0,65,1.29
2023,Plainfield,6264,429,188,4,785,12.53
2023,Plainville,8045,205,56,22,558,6.94
2023,Plymouth,5151,178,22,0,369,7.16
2023,Pomfret,1686,32,2,0,45,2.67
2023,Portland,4128,120,85,0,260,6.3
2023,Preston,2049,40,6,0,81,3.95
2023,Prospect,3762,0,4,55,102,2.71
2023,Putnam,4292,536,71,0,666,15.52
2023,Redding,3664,0,3,0,16,0.44
2023,Ridgefield,9506,175,6,79,281,2.96
2023,Rocky Hill,9319,235,66,0,436,4.68
2023,Roxbury,1163,19,0,0,23,1.98
2023,Salem,1719,0,2,0,26,1.51
2023,Salisbury,2519,24,1,14,40,1.59
2023,Scotland,650,0,0,0,23,3.54
2023,Seymour,7112,262,33,0,393,5.53
2023,Sharon,1724,32,1,0,35,2.03
2023,Shelton,17174,322,61,82,575,3.35
2023,Sherman,1834,0,1,0,6,0.33
2023,Simsbury,10057,289,63,28,472,4.69
2023,Somers,3622,146,7,0,186,5.14
2023,Southbury,9270,90,7,0,124,1.34
2023,Southington,18145,499,67,56,934,5.15
2023,South Windsor,10804,443,51,12,677,6.27
2023,Sprague,1268,20,10,1,54,4.26
2023,Stafford,5237,257,22,0,384,7.33
2023,Stamford,56953,4262,2062,1268,7936,13.93
2023,Sterling,1479,0,7,0,29,1.96
2023,Stonington,9447,484,21,14,585,6.19
2023,Stratford,21643,524,424,33,1307,6.04
2023,Suffield,5879,296,5,4,357,6.07
2023,Thomaston,3340,104,7,0,207,6.2
2023,Thompson,4143,151,15,0,202,4.88
2023,Tolland,5630,127,9,3,236,4.19
2023,Torrington,17040,972,334,17,1849,10.85
2023,Trumbull,13159,315,15,284,685,5.21
2023,Union,377,0,0,0,5,1.33
2023,Vernon,14761,1509,482,12,2329,15.78
2023,Voluntown,1135,20,2,0,43,3.79
2023,Wallingford,18938,354,150,35,800,4.22
2023,Warren,790,0,0,0,1,0.13
2023,Washington,2056,17,1,28,49,2.38
2023,Waterbury,48392,5385,3326,39,10292,21.27
2023,Waterford,8873,213,39,0,472,5.32
2023,Watertown,9137,205,33,0,454,4.97
2023,Westbrook,3976,140,7,29,201,5.06
2023,West Hartford,27240,695,857,245,2083,7.65
2023,West Haven,22735,1024,2172,0,3547,15.6
2023,Weston,3671,0,1,0,6,0.16
2023,Westport,10567,265,57,75,398,3.77
2023,Wethersfield,11809,705,110,0,1066,9.03
2023,Willington,2685,184,7,0,224,8.34
2023,Wilton,6567,158,12,51,233,3.55
2023,Winchester,5405,269,147,0,512,9.47
2023,Windham,9663,1776,591,0,2673,27.66
2023,Windsor,12038,154,249,26,849,7.05
2023,Windsor Locks,5815,297,169,0,687,11.81
2023,Wolcott,6408,313,7,0,484,7.55
2023,Woodbridge,3476,30,6,0,40,1.15
2023,Woodbury,4584,60,4,0,94,2.05
2023,Woodstock,3669,24,1,0,48,1.31
